Web Archiving Tool	Replay System	Web Browser	Containing Web Page URI-R	Containing Web Page URI-M or WARC / WACZ URL	Ad Related URL or Ad Text	Ad Related URL or Ad Text	Ad Related URL or Ad Text	Ad Related URL or Ad Text	Ad Related URL or Ad Text	Ad Related URL or Ad Text	Ad Related URL or Ad Text	Ad Related URL or Ad Text	Ad Related URL or Ad Text	Recorded Session 1 URL	Recorded Session 2 URL	Recorded Session 3 URL	Successful Replay of Ad In Containing Web Page	Replay Issues Description
ArchiveWeb.page	ReplayWeb.page	Chrome	https://www.ign.com/articles/the-last-of-us-season-1-review	2023-02-07-ads-on-ign_ArchiveWeb_page.wacz	Video 1 URI-R: https://s-static.innovid.com/media/encoded/01_23/604273/8_source_163708_811440.mp4									https://youtu.be/sYIle82V7O4?t=497	https://youtu.be/XuMm5nb53Fk?t=462		Yes	No issues
ArchiveWeb.page	ReplayWeb.page	Chrome	https://www.ign.com/articles/the-last-of-us-season-1-review	2023-02-07-ads-on-ign_ArchiveWeb_page.wacz	Video 1 URI-R: https://r3---sn-p5qddn76.c.2mdn.net/videoplayback/id/90e144aa6186a8cd/itag/343/source/web_video_ads/ctier/L/acao/yes/ip/0.0.0.0/ipbits/0/expire/3819559307/sparams/acao,ctier,expire,id,ip,ipbits,itag,mh,mip,mm,mn,ms,mv,mvi,pl,source/signature/4A48CDB325046D51A4EB1113A20D94796CFB7880.3B593F204E3538E676D89E38EF43AAF09EA988A1/key/cms1/cms_redirect/yes/mh/WP/mip/108.39.125.110/mm/42/mn/sn-p5qddn76/ms/onc/mt/1675828370/mv/m/mvi/3/pl/19?cpn=iz4Zit8uuA4dqY4Z&file=file.mp4									https://youtu.be/sYIle82V7O4?t=376	https://youtu.be/XuMm5nb53Fk		Yes	No issues
ArchiveWeb.page	ReplayWeb.page	Chrome	https://www.ign.com/articles/the-last-of-us-season-1-review	2023-02-07-ads-on-ign_ArchiveWeb_page.wacz	Video 1 URI-R: https://cdn.clinch.co/a_client/534/assets_library/HNMM1021000H_WinsEveryTime_MY21SonataVSAltima_In-Market_15_OLV_GreyBG.mp4									https://youtu.be/sYIle82V7O4?t=25	https://youtu.be/XuMm5nb53Fk		No	Does not replay when using Chrome. It sometimes replays successfully when using Firefox to view the second or third video on the web page
ArchiveWeb.page	ReplayWeb.page	Chrome	https://www.ign.com/articles/the-last-of-us-season-1-review	2023-02-07-ads-on-ign_ArchiveWeb_page.wacz	Video 1 URI-R: https://crcdn09.adnxs-simple.com/creative/p/11406/2022/3/31/33149576/900efead-807b-437c-85d8-3051c39357de_768_432_1700k.mp4									https://youtu.be/sYIle82V7O4?t=27	https://youtu.be/XuMm5nb53Fk		No	No requests were made for this ad during replay. I assume that this ad either lost the bid and did not get replayed or the embedded videos did not reach the time in the video where this ad would have been loaded.
ArchiveWeb.page	ReplayWeb.page	Chrome	https://www.ign.com/articles/the-last-of-us-season-1-review	2023-02-07-ads-on-ign_ArchiveWeb_page.wacz	Video 1 URI-R: https://crcdn09.adnxs-simple.com/creative/p/11406/2023/1/4/42502962/d04fb8a5-eaee-48bb-a6cd-bebb89f04522_640_360_400k.mp4									https://youtu.be/sYIle82V7O4?t=29	https://youtu.be/XuMm5nb53Fk		No	No requests were made for this ad during replay. I assume that this ad either lost the bid and did not get replayed or the embedded videos did not reach the time in the video where this ad would have been loaded.
ArchiveWeb.page	ReplayWeb.page	Chrome	https://www.ign.com/articles/the-last-of-us-season-1-review	2023-02-07-ads-on-ign_ArchiveWeb_page.wacz	Video 1 URI-R: https://crcdn09.adnxs-simple.com/creative/p/1927/2023/1/19/42891725/4d61d8f5-b866-44ef-8a58-f9ceaa8cfd8c_300_250_498k.mp4	Different Video Format: https://crcdn09.adnxs-simple.com/creative/p/1927/2023/1/20/42912355/54070ab5-bfd2-493d-ab40-fbc49e8e438c_300_250_498k.webm								https://youtu.be/sYIle82V7O4?t=33	https://youtu.be/XuMm5nb53Fk		No	No requests were made for this ad during replay. I assume that this ad either lost the bid and did not get replayed or the embedded videos did not reach the time in the video where this ad would have been loaded.
ArchiveWeb.page	ReplayWeb.page	Chrome	https://www.ign.com/articles/the-last-of-us-season-1-review	2023-02-07-ads-on-ign_ArchiveWeb_page.wacz	Video 1 URI-R: https://crcdn09.adnxs-simple.com/creative/p/1927/2023/1/19/42893527/b08e6715-0899-4f2c-a0a7-9feb519ebaf3_300_250_488k.mp4									https://youtu.be/sYIle82V7O4?t=110	https://youtu.be/XuMm5nb53Fk		No	No requests were made for this ad during replay. I assume that this ad either lost the bid and did not get replayed or the embedded videos did not reach the time in the video where this ad would have been loaded.
ArchiveWeb.page	ReplayWeb.page	Chrome	https://www.ign.com/articles/the-last-of-us-season-1-review	2023-02-07-ads-on-ign_ArchiveWeb_page.wacz	Video 1 URI-R: https://r4---sn-p5qs7nzk.c.2mdn.net/videoplayback/id/6a07b4185eba27c1/itag/343/source/web_video_ads/ctier/L/acao/yes/ip/0.0.0.0/ipbits/0/expire/3816088856/sparams/acao,ctier,expire,id,ip,ipbits,itag,mh,mip,mm,mn,ms,mv,mvi,pl,source/signature/55E330E87AD5D8C94C7B92DC19BCC8BB56156B33.46AF1A759F65710A3AA78F9673C83525097C5AE3/key/cms1/cms_redirect/yes/mh/hU/mip/108.39.125.110/mm/42/mn/sn-p5qs7nzk/ms/onc/mt/1675828370/mv/m/mvi/4/pl/19/file/file.mp4									https://youtu.be/sYIle82V7O4?t=415	https://youtu.be/XuMm5nb53Fk		No	No requests were made for this ad during replay. I assume that this ad either lost the bid and did not get replayed or the embedded videos did not reach the time in the video where this ad would have been loaded.
ArchiveWeb.page	ReplayWeb.page	Chrome	https://www.ign.com/articles/the-last-of-us-season-1-review	2023-02-07-ads-on-ign_ArchiveWeb_page.wacz	Image 1 URI-R: https://pg.ignimgs.com/ign/2023/best-buy/qs_2348_g3x3c_desk.jpg	Image 2 URI-R: https://pg.ignimgs.com/ign/2023/best-buy/qs_2348_xkj6t_desk_small.jpg	Image 3 URI-R: https://pg.ignimgs.com/ign/2023/best-buy/qs_2348_rneen_mobile_video_fframe.jpg	Video 1 URI-R: https://pg.ignimgs.com/ign/2023/best-buy/qs_2348_1esic_mobile_video.mp4						https://youtu.be/sYIle82V7O4?t=1423	https://youtu.be/XuMm5nb53Fk		Yes	No issues
ArchiveWeb.page	ReplayWeb.page	Chrome	https://www.ign.com/articles/the-last-of-us-season-1-review	2023-02-07-ads-on-ign_ArchiveWeb_page.wacz	Ad frame URI-R: https://aax-us-east.amazon-adsystem.com/e/dtb/admi?b=JAkcZL99KtnLJUwYJ8dHHdIAAAGGLy8dDAEAAAxWAQBhcHNfdHhuX2JpZDEgICBOL0EgICAgICAgICAgICA_KuR0&rnd=8954498773591675828862700&pp=1wff280&p=e44jk0&crid=arcgnw6w	Embedded Web Page URI-R: https://cdn.flashtalking.com/173980/4163777/index.html	Alternative Ad frame URI-R: https://aax-us-east.amazon-adsystem.com/e/dtb/admi?b=JNjVdMscuZ9AB7uj5jF4xCUAAAGGLzF0tQEAAAxWAQBhcHNfdHhuX2JpZDEgICBOL0EgICAgICAgICAgICDUwpb7&rnd=7051105523431675829016320&pp=1wff280&p=e44jk0&crid=zdxl1p7a	Alternative Ad frame URI-R: https://aax-us-east.amazon-adsystem.com/e/dtb/admi?b=JLNZDfrYzkJoimQ2tdJDH1cAAAGGLy2RRQEAAAxWAQBhcHNfdHhuX2JpZDEgICBOL0EgICAgICAgICAgICDfvZPz&rnd=8888289836721675828817381&pp=1wff280&p=e44jk0&crid=hudvv6f1	Alternative Ad frame URI-R: https://aax-us-east.amazon-adsystem.com/e/dtb/admi?b=JBOjPgIGkw5ekIknbB3aVFQAAAGGLzHskQEAAAxWAQBhcHNfdHhuX2JpZDEgICBOL0EgICAgICAgICAgICBc0yRo&rnd=768689116231675829047009&pp=1wff280&p=e44jk0&crid=zdxl1p7a					https://youtu.be/sYIle82V7O4?t=557	https://youtu.be/XuMm5nb53Fk		Sometimes	Sometimes when replaying the ad it will load successfully. Using ReplayWeb.page's "Purge Cache + Full Reload" setting can make the ad replay successfully after re-uploading the WACZ file. An update that was made after the recording session make this ad no longer replayable. Video: https://youtu.be/WMm_MKRqipo
ArchiveWeb.page	ReplayWeb.page	Chrome	https://www.ign.com/articles/the-last-of-us-season-1-review	2023-02-07-ads-on-ign_ArchiveWeb_page.wacz	Ad frame URI-R: https://aax-us-east.amazon-adsystem.com/e/dtb/admi?b=JEs-gAH7EaH2UKbdDLn5qMwAAAGGLy2RRQEAAAxWAQBhcHNfdHhuX2JpZDEgICBOL0EgICAgICAgICAgICCW8VTU&rnd=4734766067051675828791974&pp=q44zcw&p=1kaetq8&crid=lm7xjkp3	Image 1 URI-R: https://azad.adsrvr.org/thetradedesk-ads/07hh8t4/k3zoja6/lm7xjkp3_728x90.jpg?cb=139782								https://youtu.be/sYIle82V7O4?t=564	https://youtu.be/XuMm5nb53Fk		Sometimes	Sometimes when replaying the ad it will load successfully. Using ReplayWeb.page's "Purge Cache + Full Reload" setting can make the ad replay successfully after re-uploading the WACZ file. An update that was made after the recording session make this ad no longer replayable. Video: https://youtu.be/WMm_MKRqipo
ArchiveWeb.page	ReplayWeb.page	Chrome	https://www.ign.com/articles/the-last-of-us-season-1-review	2023-02-07-ads-on-ign_ArchiveWeb_page.wacz	Ad frame URI-R: https://aax-us-east.amazon-adsystem.com/e/dtb/admi?b=JIEshL1wDKM-Vl7n-v-mH2MAAAGGLy2RRQEAAAxWAQBhcHNfdHhuX2JpZDEgICBOL0EgICAgICAgICAgICA9Z_SC&rnd=9385932676731675828791432&pp=1wff280&p=e44jk0&crid=hudvv6f1	Embedded Web Page URI-R: https://cdn.flashtalking.com/173980/4163780/index.html								https://youtu.be/sYIle82V7O4?t=569	https://youtu.be/XuMm5nb53Fk		Sometimes	Sometimes when replaying the ad it will load successfully. Using ReplayWeb.page's "Purge Cache + Full Reload" setting can make the ad replay successfully after re-uploading the WACZ file. An update that was made after the recording session make this ad no longer replayable. Video: https://youtu.be/WMm_MKRqipo
ArchiveWeb.page	ReplayWeb.page	Chrome	https://www.ign.com/articles/the-last-of-us-season-1-review	2023-02-07-ads-on-ign_ArchiveWeb_page.wacz	Ad frame URI-R: https://aax-us-east.amazon-adsystem.com/e/dtb/admi?b=JPqWneAGKjYilX4muBhn56MAAAGGLy9kJAEAAAxWAQBhcHNfdHhuX2JpZDEgICBOL0EgICAgICAgICAgICC25mrl&rnd=138330633851675828881152&pp=1wff280&p=e44jk0&crid=hudvv6f1	Embedded Web Page URI-R: https://cdn.flashtalking.com/173980/4163780/index.html								https://youtu.be/sYIle82V7O4?t=590	https://youtu.be/XuMm5nb53Fk		Sometimes	Sometimes when replaying the ad it will load successfully. Using ReplayWeb.page's "Purge Cache + Full Reload" setting can make the ad replay successfully after re-uploading the WACZ file. An update that was made after the recording session make this ad no longer replayable. Video: https://youtu.be/WMm_MKRqipo
ArchiveWeb.page	ReplayWeb.page	Chrome	https://www.ign.com/articles/the-last-of-us-season-1-review	2023-02-07-ads-on-ign_ArchiveWeb_page.wacz	Ad frame URI-R: https://aax-us-east.amazon-adsystem.com/e/is/7ece90d08b124d51a4dbb82b6db138e3/creative?b=JAsQLlVwW-ZHe2LK3V_OYoAAAAGGLy-bSgEAAAXeAUEzcHhfdHhuX2JpZDMgICBOL0EgICAgICAgICAgICBP-2Qt&w=nh7jY7NRCQBNkT-VlaHY4uC6PSjnOtqkiGDaSQ&bi=p8ga.qVqKKSGgfywaLGdGdqpFUBIXfCBCbHdaSEIcV0Nz40faBy64hCh.EiHFaE8RANkCqiI-koc08csolQifSUSWifgcII5DJkxxRKZ4JU2BFL8s9dOIhrvUL5Kv616.WWY9PNk7GVu6odao7Gev9oudk43DM5j-giLK3CDdNl.zFkECORWzIUuPrXUasNhiHnUGCbux.ZWzqzPOGjKfc5VWWt1rG8k7JMbJzVZkJ3e15Sp7RP9M7yYp3a3nl.4eTFTX6LT5jWGp6xMyTbYcG340UWVfARY9apm.g1VD6HqfCjpE0mEzGIsNPWUwutwzNx3GGp5Rv8q8AdxTmrS7i8em0Az6SBM1zpMe607GSPgEOAihgDUhHn5vcWDUBgkMU7Ljeu11V-xgDT7ss6S8AVPuoU4sG9AzRu-qoWuGPKcnxFfGr9a3z6YODOIPbDzXYrSSV8knhA16kKxXEYyH6ZLvDzFMUUJGV1ShCdwZu.gUaExwsa4W29AXFPKV0G1t.9KOG6zA5AjRaNmhk-CVHZedmsV-KGU6DXPdNuC-sO0bptOEkvSrJHK0BssBV0wWu4h-ORluMXDUyfdH62j4sipGunhUqwhZn5vGmrZvg9XZT2wFbV6.6BBeqqTKKhWt9sfHPHh6To5gB8spaARKBH4C.xl-Td1iWBAI41ANko_	Image 1 URI-R: https://m.media-amazon.com/images/I/713Np6zjfoL._AC_SX270_SY140_.jpg	Text 1 (removed commas): Pompeian Smooth Extra Virgin Olive Oil First Cold Pressed Mild and Delicate Flavor Perfect for Sauteing and Stir-Frying Naturally Gluten Free Non-Allergenic Non-GMO 68 Fl Oz (Pack of 1)	Text 2: $ 15.48	Image 2 URI-R: https://images-na.ssl-images-amazon.com/images/G/01/da/creatives/prime-2x-20170531.png	Button Text: Add to Cart				https://youtu.be/sYIle82V7O4?t=593	https://youtu.be/XuMm5nb53Fk		No	No requests were made for this ad during replay. This ad may have been included in a safeframe. Google's safeframes do not load successfully during replay because part of the safeframe URL is random and the URI-M genereated during replay is not the same as the URI-R for the safeframe during crawl time.
ArchiveWeb.page	ReplayWeb.page	Chrome	https://www.ign.com/articles/the-last-of-us-season-1-review	2023-02-07-ads-on-ign_ArchiveWeb_page.wacz	Ad frame URI-R: https://aax-us-east.amazon-adsystem.com/e/is/7ece90d08b124d51a4dbb82b6db138e3/creative?b=JBjCt_lYvpJF78TpUYNlZbIAAAGGLzDKvQEAAAXeAUEzcHhfdHhuX2JpZDMgICBOL0EgICAgI 	Image 1 URI-R: https://m.media-amazon.com/images/S/al-na-9d5791cf-3faf/856ebd15-5d7b-48dc-a531-b936ba0948f3.jpg 								https://youtu.be/sYIle82V7O4?t=598	https://youtu.be/XuMm5nb53Fk		No	Uses Google's safeframe which will not load during replay, since part of the URL has a random value that can be different each time the archived web page is replayed. I have not seen a case where the correct random value was used for the Google safeframe when using ReplayWeb.page, pywb, and openWayback. 
ArchiveWeb.page	ReplayWeb.page	Chrome	https://www.ign.com/articles/the-last-of-us-season-1-review	2023-02-07-ads-on-ign_ArchiveWeb_page.wacz	Ad frame URI-R: https://aax-us-east.amazon-adsystem.com/e/is/7ece90d08b124d51a4dbb82b6db138e3/creative?b=JGbuqHN67GVzshxWqjbrT6UAAAGGLzBJsAEAAAXeAUEzcHhfdHhuX2JpZDMgICBOL0EgICAgICAgICAgICCCVlMi&w=yx7jY2_9AgBBD9qk0nh5Uz499Fq4AHTwwI1LPA&bi=Pf017.DZDh-8PzMBDLCXF2oALpH1p-UdzvfzVy0XvCTy-UyLRt7JyVL2IdgPFaByxOFRP3wFxpamlNpAs6HUab1iGzwWyI9ikiWVfEV1yP8vFLMDg7koksm4qZHd-AdIAbT-SPuMrRC27zRk9X3LtYgVU-ZFm5SgI8zyTO70qGw0WrG9pZj2EpzzvkG2m6ZF5oDAur9xjxcapOJD5HWBDn9zS9Mzk6TPckVUcKQJQzk1UBz6qX24QBzxFA8jw4lJcOY7632Bx-jrANrc8HXUAY6I07Y2l-0vAEUTCBAzTBXg5ckY7LgnIWzpcOY1QrFkuGg692a38cHA.86wlPhejHmwn6.ad5h9lPqNTT0TkaXFOGyrkw290wFeiCdjOWEd.SuABBMWn1fnzjxfJ9CeLnF6q3okPVUbHWfdpF3Vb7Wru4mLEnHWxoY.ZYLr2k5hoSAua56Lgl9LqzL.WFy4coMl-lZtWjygJDO0lrOOiOFIQ-1WVm3kJue0nu8zlvDl-A6RLYON3pM5iwJtRM9DK5CZnrpe.zaYts-6dwiSgj1F0S21gZEQJhXwOjDRcnKzCCD4P0u6MudsOWN69v.TwMaZVQmS.XFJoLqt3Aw3DdP68ZJOK7xdq0NQlddcQOvT 	Image 1 URI-R: https://m.media-amazon.com/images/S/al-na-9d5791cf-3faf/aa0afaa4-2986-4384-ab7b-fe0d7a2e7682.jpg 								https://youtu.be/sYIle82V7O4?t=612	https://youtu.be/XuMm5nb53Fk		No	Uses Google's safeframe which will not load during replay, since part of the URL has a random value that can be different each time the archived web page is replayed. I have not seen a case where the correct random value was used for the Google safeframe when using ReplayWeb.page, pywb, and openWayback. 
ArchiveWeb.page	ReplayWeb.page	Chrome	https://www.ign.com/articles/the-last-of-us-season-1-review	2023-02-07-ads-on-ign_ArchiveWeb_page.wacz	Ad frame URI-R: https://aax-us-east.amazon-adsystem.com/e/is/7ece90d08b124d51a4dbb82b6db138e3/creative?b=JMg9-zlU0HVu9JyfEg_gWRUAAAGGLy_IlwEAAAXeAUEzcHhfdHhuX2JpZDIgICBOL0EgICAgICAgICAgICDy7Xlc&w=qh7jY7dRAgCnasS3TH8gNANavVtroArCjzFmjw&bi=kUR18RDjT98xBCfPulzfJlE3sFYSlb5ZMg2jMyi0ZbDkmvLQ41zOBDcAHFYmNrXZFNAP4HPUFGy2bRD6gp.LPxORuUJShGppQT4GeeDnOIMTwHAlfCgZSNOosnQFENLws4UojBV4sZltN1GRvicrvxKiFJUWMgvx8zmY7n5aPF4UKevRVjW4iUqGADzpck9Mxbj-CkLy8hu9ixahTrI2kXNctMGxjS8IOSSuk-tHyHGTN.QMzlK6qa8coE0h-flYariGEqcsCV2zgiloAVsoTgc1RePDrC.jub3iLgrkuNSPUZFftpBd23B4G6lSVuke75LUkellActcgKq6rpZ-scMcMU5.NMpriCKOAMo1JQiG36kSC9oO2uUYj5AdcdJOLtzzlZFh8rgzvJ.u24puhzYuQ6f9-bWrtNXzd9IC6UheIRUNDGhAkuTp4Zx2nBncra4uDkpvTT4RIpd3PnrqcCYCraLNYnXhBgIu.fnTTm9ERgfL4.t865OUPPG8UnLRy9usAyCCfURye4J-Gav-Sa41g-jL7hO99U.sSzzW9pR6Om1Lx81i4uzkAiWePJWGSW34ScINR6PU7J869vCQrokeu9sIftifFHtzMUhh2LxG38VdAdvdaZdUrk3VsbD9 	Image 1 URI-R: https://m.media-amazon.com/images/S/al-na-9d5791cf-3faf/38b0d9bc-f1a6-4fbf-aa0c-3e07d9a5baa8.jpg								https://youtu.be/sYIle82V7O4?t=618	https://youtu.be/XuMm5nb53Fk		No	Uses Google's safeframe which will not load during replay, since part of the URL has a random value that can be different each time the archived web page is replayed. I have not seen a case where the correct random value was used for the Google safeframe when using ReplayWeb.page, pywb, and openWayback. 
ArchiveWeb.page	ReplayWeb.page	Chrome	https://www.ign.com/articles/the-last-of-us-season-1-review	2023-02-07-ads-on-ign_ArchiveWeb_page.wacz	Ad frame URI-R: https://57774ecf3c5e183d552b45d229a03bf5.safeframe.googlesyndication.com/safeframe/1-0-40/html/container.html?n=1 	Web Page URI-R: https://cdn.flashtalking.com/154473/3957490/index.html								https://youtu.be/sYIle82V7O4?t=732	https://youtu.be/XuMm5nb53Fk		No	This embedded web page ad may look like it is partially archived when replaying it, but it only fully loads the content for the web page if it is contained in a Google safeframe. Uses Google's safeframe which will not load during replay, since part of the URL has a random value that can be different each time the archived web page is replayed. I have not seen a case where the correct random value was used for the Google safeframe when using ReplayWeb.page, pywb, and openWayback. 
ArchiveWeb.page	ReplayWeb.page	Chrome	https://www.ign.com/articles/the-last-of-us-season-1-review	2023-02-07-ads-on-ign_ArchiveWeb_page.wacz	Ad frame URI-R: https://57774ecf3c5e183d552b45d229a03bf5.safeframe.googlesyndication.com/safeframe/1-0-40/html/container.html?n=2 	Web Page URI-R: https://cdn.flashtalking.com/153365/4139040/index.html								https://youtu.be/sYIle82V7O4?t=729	https://youtu.be/XuMm5nb53Fk		No	This embedded web page ad may look like it is partially archived when replaying it, but it only fully loads the content for the web page if it is contained in a Google safeframe. Uses Google's safeframe which will not load during replay, since part of the URL has a random value that can be different each time the archived web page is replayed. I have not seen a case where the correct random value was used for the Google safeframe when using ReplayWeb.page, pywb, and openWayback. 
																		
ArchiveWeb.page	ReplayWeb.page	Chrome	https://www.facebook.com/	2023-03-02_facebook_ads_ArchiveWeb_page.wacz	Video 1 URI-R: https://scontent-iad3-1.xx.fbcdn.net/v/t42.1790-4/314397959_205943431793686_2758206325727382885_n.mp4?_nc_cat=111&ccb=1-7&_nc_sid=985c63&efg=eyJ2ZW5jb2RlX3RhZyI6InN2ZV9zZCJ9&_nc_ohc=4bVfO5B3zSwAX8_ce0e&_nc_ht=scontent-iad3-1.xx&oh=00_AfC8Dta0KPwpZihHRogi8goFgl1WAMs_FDD9hHUCfD8CAg&oe=64011963	Image 1 URI-R: https://scontent-iad3-1.xx.fbcdn.net/v/t15.5256-10/314600230_1207705926506253_6630417008269961928_n.jpg?stp=dst-jpg_p960x960&_nc_cat=1&ccb=1-7&_nc_sid=ad6a45&_nc_ohc=rm7Uu97ZGD0AX-HIyo6&_nc_ht=scontent-iad3-1.xx&oh=00_AfCtUpALDs4islHl3jWgrFmDtt4USOkhYzWnJT_aWq7E3w&oe=64056901	Text 1: Hero Wars Web 	Text 2: Sponsored	Text 3: It’s NOT easy to be a Hero You’re up!	Text 4: HEROWARS.COM	Text 5: Welcome To The Best MMORPG	Text 6: Hero Wars For Free	Button text: Play game	https://youtu.be/KsCtVilLWNk?t=711			Yes	No issues
ArchiveWeb.page	ReplayWeb.page	Chrome	https://www.facebook.com/	2023-03-02_facebook_ads_ArchiveWeb_page.wacz	Image 1 URI-R: https://scontent-iad3-1.xx.fbcdn.net/v/t45.1600-4/201045494_6241232909985_2285616164643971284_n.jpg?stp=cp0_dst-jpg_p526x296_q75_spS444&_nc_cat=108&ccb=1-7&_nc_sid=e84a38&_nc_ohc=2BcL7wYFJiYAX9jbZp9&_nc_ht=scontent-iad3-1.xx&oh=00_AfDH0x35649yjVdBKZAyT_-v5evty5_68SG8eXUm5rbSDQ&oe=640587C9	Text 1: HORNE	Text 2: Sponsored	Text 3: Explore one of the largest selections of modern designs for your home.	Text 4: SHOPHORNE.COM	Text 5: Sleek design ideas right this way	Text 6: Design your space today	Button Text: Shop now		https://youtu.be/KsCtVilLWNk?t=587			Sometimes	The sponsored Facebook posts that are displayed  can be different each time the archived web page is replayed. Also, the number of ads replayed can be different each time the web page is replayed.
ArchiveWeb.page	ReplayWeb.page	Chrome	https://www.facebook.com/	2023-03-02_facebook_ads_ArchiveWeb_page.wacz	Image 1 URI-R: https://scontent-iad3-1.xx.fbcdn.net/v/t45.1600-4/324595058_23852169802070677_2206408604890518903_n.jpg?stp=cp0_dst-jpg_p526x296_q75_spS444&_nc_cat=111&ccb=1-7&_nc_sid=68ce8d&_nc_ohc=mEpSks1DQ9oAX94r-HN&_nc_ht=scontent-iad3-1.xx&oh=00_AfAxQhfXsTHY_LogT6bGGcgaiy34sqTt3MfyxAX7Eg4D-Q&oe=6406434E	Text 1: Himiway Bike	Text 2: Sponsored	Text 3: Himiway Cruiser-Great Samsung/LG Battery and 750W	Text 4: https://himiwaybike.com/	Text 5: HIMIWAYBIKE.COM	Text 6: Free Shipping and Free Tax	Text 7: Himiway fat tire electric bike reaches 60 miles long range per charge with …	Button text: Shop now	https://youtu.be/KsCtVilLWNk?t=864			Sometimes	The sponsored Facebook posts that are displayed  can be different each time the archived web page is replayed. Also, the number of ads replayed can be different each time the web page is replayed.
ArchiveWeb.page	ReplayWeb.page	Chrome	https://www.facebook.com/	2023-03-02_facebook_ads_ArchiveWeb_page.wacz	Image 1 URI-R: https://scontent-iad3-1.xx.fbcdn.net/v/t45.1600-4/330269505_23852984495740430_8459163946143021466_n.png?stp=c0.20.500.500a_cp0_dst-jpg_p180x540_q90_spS444&_nc_cat=111&ccb=1-7&_nc_sid=67cdda&_nc_ohc=C8YhFfpeoJ4AX9nhZP9&_nc_ht=scontent-iad3-1.xx&oh=00_AfDWQDo7XaHMnD8Rc5nKX8_rAki9dWZO8_gdxlom7pNhDA&oe=6405FCF3	Text 1: Nature Sparkle	Text 2: Sponsored	Text 3: Ethically-sourced. conflict-free diamonds conflict-free diamonds to make up the perfect engagement ring. Visit out collection and find the ring to help you get the one.	Text 4: NATURESPARKLE.COM	Text 5: 10% OFF in our Engagement Rings	Button text: Shop now			https://youtu.be/KsCtVilLWNk?t=955			Sometimes	The sponsored Facebook posts that are displayed  can be different each time the archived web page is replayed. Also, the number of ads replayed can be different each time the web page is replayed.
ArchiveWeb.page	ReplayWeb.page	Chrome	https://www.facebook.com/	2023-03-02_facebook_ads_ArchiveWeb_page.wacz	Image 1 URI-R: https://scontent-iad3-1.xx.fbcdn.net/v/t45.1600-4/328444112_23852885038330665_6802351739193385828_n.png?stp=cp0_dst-jpg_p526x296_q90_spS444&_nc_cat=1&ccb=1-7&_nc_sid=e84a38&_nc_ohc=FPu80LVkW0AAX-h98_k&_nc_ht=scontent-iad3-1.xx&oh=00_AfCZPS1bOJFIFHl22y4KXCzYhXSRT7QQceYyu199NOG8KA&oe=64053B36	Text 1: The Free Phone Program	Text 2: Sponsored	Text 3 (partial text): Need unlimited data? Get that, unlimited cell service plus a free smartphone. ...	Text 4: ASSURANCEWIRELESS.COM	Text 5: Assurance Wireless Unlimited	Text 6 (partial text): See if you qualify for Assurance Wireless Unlimited. Our plan includes …	Button text: Apply now		https://youtu.be/KsCtVilLWNk?t=1040			Sometimes	The sponsored Facebook posts that are displayed  can be different each time the archived web page is replayed. Also, the number of ads replayed can be different each time the web page is replayed.
ArchiveWeb.page	ReplayWeb.page	Chrome	https://www.facebook.com/	2023-03-02_facebook_ads_ArchiveWeb_page.wacz	Text 1: Hey! Stop buying cheap Bluetooth speakers.	Text 2: Sponsored	Text 3: Invest in sound you don’t have to replace every year.	Text 4: SOUNDBOOKS.COM	Text 5: 40 Hrs of Wireless sound	Text 6: An audio dream come true	Button text: Shop Now			https://youtu.be/KsCtVilLWNk?t=1111			Sometimes	The video is not archived so the video part of the ad does not replay. The sponsored Facebook posts that are displayed  can be different each time the archived web page is replayed. Also, the number of ads replayed can be different each time the web page is replayed.
ArchiveWeb.page	ReplayWeb.page	Chrome	https://www.facebook.com/	2023-03-02_facebook_ads_ArchiveWeb_page.wacz	Video 1 URI-R: https://scontent-iad3-1.xx.fbcdn.net/v/t39.25447-2/334229279_179656288103461_1638979891818757348_n.mp4?_nc_cat=101&vs=f10b88c4d159e3b8&_nc_vs=HBksFQAYJEdCLXY2eE1sN0R0OVphTUFBT1I4M1NXSDA3NFdibWRqQUFBRhUAAsgBABUAGCRHT3p0M1JOZjJacUUySjhCQVBCTEdrbGEtWlJnYnJGcUFBQUYVAgLIAQBLB4gScHJvZ3Jlc3NpdmVfcmVjaXBlATENc3Vic2FtcGxlX2ZwcwAQdm1hZl9lbmFibGVfbnN1YgAgbWVhc3VyZV9vcmlnaW5hbF9yZXNvbHV0aW9uX3NzaW0AKGNvbXB1dGVfc3NpbV9vbmx5X2F0X29yaWdpbmFsX3Jlc29sdXRpb24AHXVzZV9sYW5jem9zX2Zvcl92cW1fdXBzY2FsaW5nABFkaXNhYmxlX3Bvc3RfcHZxcwAVACUAHAAAJr7zkPqd6pcDFQIoAkMzGAt2dHNfcHJldmlldxwXQENRqfvnbIsYIGRhc2hfdjRfNXNlY2dvcF9ocTFfZnJhZ18yX3ZpZGVvEgAYGHZpZGVvcy52dHMuY2FsbGJhY2sucHJvZDgSVklERU9fVklFV19SRVFVRVNUGwqIFW9lbV90YXJnZXRfZW5jb2RlX3RhZwZvZXBfc2QTb2VtX3JlcXVlc3RfdGltZV9tcwEwDG9lbV9jZmdfcnVsZQpzZF91bm11dGVkE29lbV9yb2lfcmVhY2hfY291bnQEMjgxMhFvZW1faXNfZXhwZXJpbWVudAAMb2VtX3ZpZGVvX2lkDzE5NTYwMzU0OTc0NDgwNhJvZW1fdmlkZW9fYXNzZXRfaWQQMjg5NjkyNjkwMzc3NDkxORVvZW1fdmlkZW9fcmVzb3VyY2VfaWQPODk2ODI3NTUxNTIyMDE1HG9lbV9zb3VyY2VfdmlkZW9fZW5jb2RpbmdfaWQPNjQwODY1MTQ0NDcxMzk5DnZ0c19yZXF1ZXN0X2lkACUCHAAljgIbCIgBcwQ1MzExAmNkCjIwMjMtMDItMjgDcmNiBDI4MDADYXBwDFBvd2VyIGVkaXRvcgJjdBlDT05UQUlORURfUE9TVF9BVFRBQ0hNRU5UE29yaWdpbmFsX2R1cmF0aW9uX3MJMzguNjc3MzMzAWYCYWQCdHMUcHJvZ3Jlc3NpdmVfb3JkZXJpbmcA&ccb=1-7&_nc_sid=4ea082&efg=eyJ2ZW5jb2RlX3RhZyI6Im9lcF9zZCJ9&_nc_ohc=H78NIj3zEzMAX-Zu-t4&_nc_ht=scontent-iad3-1.xx&oh=00_AfANtUpX7c7w6Ds3jup3Qv-eToqU3JQb1szZ91Cdq0NADw&oe=64061C98&_nc_rid=402181556218732	Image 1 URI-R: https://scontent-iad3-1.xx.fbcdn.net/v/t15.5256-10/333903993_145158081790291_2679311195242130787_n.jpg?stp=dst-jpg_p960x960&_nc_cat=107&ccb=1-7&_nc_sid=ad6a45&_nc_ohc=HFKkqO_UulAAX-Al3GU&_nc_ht=scontent-iad3-1.xx&oh=00_AfB_oeSRglYdx9iJ02Q5XcDiJNTlpL-cc7pOCyIWeRzdCA&oe=64052620	Text 1:PEDAL Electric	Text 2: Sponsored	Text 3: Enjoy the electric joyride of a lifetime with PEDAL. Get $75 off your first electric bike with us today.	Text 4: PEDALELECTRIC.COM	Text 5: $75 Off Your First PEDAL Bike	Button text: Shop now		https://youtu.be/KsCtVilLWNk?t=3074			Sometimes	The sponsored Facebook posts that are displayed  can be different each time the archived web page is replayed. Also, the number of ads replayed can be different each time the web page is replayed.
ArchiveWeb.page	ReplayWeb.page	Chrome	https://www.facebook.com/	2023-03-02_facebook_ads_ArchiveWeb_page.wacz	Image 1 URI-R: https://scontent-iad3-1.xx.fbcdn.net/v/t45.1600-4/320286208_23852093486800306_8302265510640175912_n.png?stp=cp0_dst-jpg_p526x296_q90_spS444&_nc_cat=108&ccb=1-7&_nc_sid=68ce8d&_nc_ohc=X7PuKAIon4EAX-BvhlN&_nc_ht=scontent-iad3-1.xx&oh=00_AfAYthlmYwW9vuKAVnVXtLBFygrOeeZRXpba4FpVKSLLRA&oe=6406D41C	Text 1: Zapier	Text 2: Sponsored	Text 3: See how Zapier can give you more time for what matters most. Start automating your work for free—no code required.	Text 4: ZAPIER.COM	Text 5: Start automating your work today	Text 6: Start automating for free.	Button text: Sign up		https://youtu.be/KsCtVilLWNk?t=7564			Sometimes	The sponsored Facebook posts that are displayed  can be different each time the archived web page is replayed. Also, the number of ads replayed can be different each time the web page is replayed.
ArchiveWeb.page	ReplayWeb.page	Chrome	https://www.facebook.com/	2023-03-02_facebook_ads_ArchiveWeb_page.wacz	Image 1 URI-R: https://scontent-iad3-1.xx.fbcdn.net/v/t58.17529-6/105793006_1375871672951398_6491570726985488032_n.jpg?_nc_cat=108&ccb=1-7&_nc_sid=6cb3ed&_nc_ohc=JSwBorBwWUMAX-FAgY_&_nc_ht=scontent-iad3-1.xx&oh=00_AfDXNTNcFFYlDmpgoAQxx8vk7jr7edT-W9sJe6NzULsblg&oe=640295CF	Text 1: The Pearl Source	Text 2: thepearlsource.com							https://youtu.be/KsCtVilLWNk?t=4057			Yes	No issues
ArchiveWeb.page	ReplayWeb.page	Chrome	https://www.facebook.com/	2023-03-02_facebook_ads_ArchiveWeb_page.wacz	Image 1 URI-R: https://scontent-iad3-1.xx.fbcdn.net/v/t45.5328-4/313992999_5572833862793784_755251637036760496_n.jpg?stp=dst-jpg_p720x720&_nc_cat=104&ccb=1-7&_nc_sid=c48759&_nc_ohc=R5nlrdt7PNsAX-zYiHF&_nc_ht=scontent-iad3-1.xx&oh=00_AfBZx4ObA-728Hy0S9SCmhgYNFh_0V7ZeG0iNUyC9vJG8Q&oe=64056F8D	Text 1: Velvet Patchwork Dress	Text 2: goelia1995.com							https://youtu.be/KsCtVilLWNk?t=4267			Yes	No issues
ArchiveWeb.page	ReplayWeb.page	Chrome	https://www.facebook.com/	2023-03-02_facebook_ads_ArchiveWeb_page.wacz	Image 1 URI-R: https://scontent-iad3-1.xx.fbcdn.net/v/t45.1600-4/327492191_6337438555782_5130166923507871516_n.jpg?stp=dst-jpg_p285x285&_nc_cat=108&ccb=1-7&_nc_sid=eaa83b&_nc_ohc=I0kvmrMyRtsAX8eve74&_nc_ht=scontent-iad3-1.xx&oh=00_AfCcJ1q_8e6Sb8P91Bh3LjKRfFjSwolu13SomEvRpsNzPA&oe=6406AD7B	Text 1: Add the perfect touch with TAFT shoes	Text 2: taftclothing.com							https://youtu.be/KsCtVilLWNk?t=4473			Yes	No issues
ArchiveWeb.page	ReplayWeb.page	Chrome	https://www.facebook.com/	2023-03-02_facebook_ads_ArchiveWeb_page.wacz	Image 1 URI-R: https://scontent-iad3-1.xx.fbcdn.net/v/t45.1600-4/322643330_23852399115450224_8309084714858925346_n.jpg?stp=dst-jpg_p285x285&_nc_cat=100&ccb=1-7&_nc_sid=eaa83b&_nc_ohc=xOrxcaM9QywAX8SvqOn&_nc_ht=scontent-iad3-1.xx&oh=00_AfCqx82Rj2B5-z5c4tGVzGFE	Text 1 (empty title): 	Text 2: veesheh.com							https://youtu.be/KsCtVilLWNk?t=4552			Yes	No issues
ArchiveWeb.page	ReplayWeb.page	Chrome	https://www.facebook.com/	2023-03-02_facebook_ads_ArchiveWeb_page.wacz	Image 1 URI-R: https://scontent-iad3-1.xx.fbcdn.net/v/t45.1600-4/317955081_23853819962150208_4629409135231223076_n.jpg?stp=dst-jpg_p285x285&_nc_cat=101&ccb=1-7&_nc_sid=eaa83b&_nc_ohc=yXHkI2AUvgQAX_sJDgj&_nc_ht=scontent-iad3-1.xx&oh=00_AfBVVGBU_dry9mF5YxVK8F19pvdPlXIzOM7RTmPzJw5OeA&oe=6404ECCD	Text 1: Cooking has never felt this good!	Text 2: hestanculinary.com							https://youtu.be/KsCtVilLWNk?t=2899			Yes	No issues
ArchiveWeb.page	ReplayWeb.page	Chrome	https://www.facebook.com/	2023-03-02_facebook_ads_ArchiveWeb_page.wacz	Image 1 URI-R: https://scontent-iad3-1.xx.fbcdn.net/v/t45.1600-4/330643206_23853517744020326_8194428107876173220_n.jpg?stp=dst-jpg_p476x249&_nc_cat=111&ccb=1-7&_nc_sid=eaa83b&_nc_ohc=AjbMTV0PBSwAX8bD4U4&_nc_ht=scontent-iad3-1.xx&oh=00_AfCI4gpOTKuiWjioRE1SCNpfyRxdUkJ__nXLkPmVZZomAA&oe=64060026	Text 1: The only free RMM solution	Text 2: buy.goto.com							https://youtu.be/KsCtVilLWNk?t=2965			Yes	No issues
ArchiveWeb.page	ReplayWeb.page	Chrome	https://www.facebook.com/	2023-03-02_facebook_ads_ArchiveWeb_page.wacz	Image 1 URI-R: https://scontent-iad3-1.xx.fbcdn.net/v/t45.1600-4/315577217_23852144354910353_4012089943665588825_n.jpg?stp=dst-jpg_p476x249&_nc_cat=106&ccb=1-7&_nc_sid=eaa83b&_nc_ohc=CF704AZ7fFMAX83-_L6&_nc_ht=scontent-iad3-1.xx&oh=00_AfATeQjDMtxrBfhfkwmbtTPsjtV0tf4zDGOHQyUgEzoUNg&oe=64062FB8	Text 1: Importance of Community Impact	Text 2: bizjournals.com							https://youtu.be/KsCtVilLWNk?t=3914			Yes	No issues
ArchiveWeb.page	ReplayWeb.page	Chrome	https://www.facebook.com/	2023-03-02_facebook_ads_ArchiveWeb_page.wacz	Image 1 URI-R: https://scontent-iad3-1.xx.fbcdn.net/v/t45.1600-4/309831102_6295122182831_8999322146516884599_n.jpg?stp=cp0_dst-jpg_p296x100_q75_spS444&_nc_cat=110&ccb=1-7&_nc_sid=67cdda&_nc_ohc=tZmShyJw6MUAX-kjiiY&_nc_ht=scontent-iad3-1.xx&oh=00_AfByyT887aLTXlQaRdz2e6NoYhYNiiNltRlL1z1aXTgWzw&oe=6406AB7F	Text 1: Custom Luxury Sofas	Text 2: benchmademodern.com							https://youtu.be/KsCtVilLWNk?t=4750			Yes	No issues
ArchiveWeb.page	ReplayWeb.page	Chrome	https://www.facebook.com/	2023-03-02_facebook_ads_ArchiveWeb_page.wacz	Image 1 URI-R: https://scontent-iad3-1.xx.fbcdn.net/v/t45.5328-4/325080266_6380175545348569_7104930135564255287_n.jpg?stp=c0.120.960.960a_dst-jpg_p960x960&_nc_cat=101&ccb=1-7&_nc_sid=c48759&_nc_ohc=UTtORjqM9IwAX8kzmN2&_nc_ht=scontent-iad3-1.xx&oh=00_AfCcL6DTyvpXjDgj5qK6PRy5aHJ0gsPlR3lyO89fznpFrg&oe=64062E8C	Text 1 (empty title): 	Text 2: adeam.com							https://youtu.be/KsCtVilLWNk?t=4818			Yes	No issues
ArchiveWeb.page	ReplayWeb.page	Chrome	https://www.facebook.com/	2023-03-02_facebook_ads_ArchiveWeb_page.wacz	Image 1 URI-R: https://scontent-iad3-1.xx.fbcdn.net/v/t45.1600-4/315230493_6287863154390_7228735008680727712_n.png?stp=dst-png_p285x285&_nc_cat=102&ccb=1-7&_nc_sid=eaa83b&_nc_ohc=6tRWnoK0-tIAX8bKBlz&_nc_ht=scontent-iad3-1.xx&oh=00_AfCdkHHBHpz2NUhwVEZfPLExDplMG3TRDcFfF1UjL9q6xw&oe=64061E8D	Text 1: Qualify for Free Internet Today!	Text 2: maxsipconnects.com							https://youtu.be/KsCtVilLWNk?t=4945			Yes	No issues
ArchiveWeb.page	ReplayWeb.page	Chrome	https://www.facebook.com/	2023-03-02_facebook_ads_ArchiveWeb_page.wacz	Image 1 URI-R: https://scontent-iad3-1.xx.fbcdn.net/v/t45.1600-4/316596284_23853561597460593_5704277854649594344_n.jpg?stp=cp0_dst-jpg_p296x100_q75_spS444&_nc_cat=107&ccb=1-7&_nc_sid=67cdda&_nc_ohc=PrCORJgAAXMAX--vwp-&_nc_ht=scontent-iad3-1.xx&oh=00_AfDf-zUnTfPa_GbMOzGeOYZiYSJlnZZFzWEDlFMsII5iHg&oe=64066586	Text 1: https://get.moneylion.com/711/	Text 2: get.moneylion.com							https://youtu.be/KsCtVilLWNk?t=4888			Yes	No issues
ArchiveWeb.page	ReplayWeb.page	Chrome	https://www.facebook.com/	2023-03-02_facebook_ads_ArchiveWeb_page.wacz	Image 1 URI-R: https://scontent-iad3-1.xx.fbcdn.net/v/t45.1600-4/324064963_6309949412831_7763992806882812287_n.png?stp=dst-png_p285x285&_nc_cat=105&ccb=1-7&_nc_sid=eaa83b&_nc_ohc=WUGLhDEYFwIAX90fRlL&_nc_ht=scontent-iad3-1.xx&oh=00_AfBOI4Jj61b0AT1WBZSP8MOvTxhyq1wb2bjeVNAQu5BK8Q&oe=640681D3	Text 1: Everything you want and the experience you deserve.	Text 2: benchmademodern.com							https://youtu.be/KsCtVilLWNk?t=5044			Yes	No issues
ArchiveWeb.page	ReplayWeb.page	Chrome	https://www.facebook.com/	2023-03-02_facebook_ads_ArchiveWeb_page.wacz	Image 1 URI-R: https://scontent-iad3-1.xx.fbcdn.net/v/t45.5328-4/327171132_5833423306733791_5553786175170200865_n.jpg?stp=c0.120.960.960a_dst-jpg_p960x960&_nc_cat=101&ccb=1-7&_nc_sid=c48759&_nc_ohc=jwEcb2Gq8ZQAX-oTmvt&_nc_ht=scontent-iad3-1.xx&oh=00_AfCAYDmTHLhCuN5PjoV2q7adb9uYAU9nIT94wd42VxOjnQ&oe=6405A8A0	Text 1 (empty title): 	Text 2: adeam.com							https://youtu.be/KsCtVilLWNk?t=5117			Yes	No issues
ArchiveWeb.page	ReplayWeb.page	Chrome	https://www.facebook.com/	2023-03-02_facebook_ads_ArchiveWeb_page.wacz	Image 1 URI-R: https://scontent-iad3-1.xx.fbcdn.net/v/t58.17529-6/270402931_939653030529063_7787467863494029666_n.jpg?_nc_cat=111&ccb=1-7&_nc_sid=6cb3ed&_nc_ohc=3NYqkqoTf8wAX-aHZBT&_nc_ht=scontent-iad3-1.xx&oh=00_AfDgP7etavjxBkVEivuqcJG1c4pB-NvyxNCLrJb32uT1fw&oe=64026540									https://youtu.be/KsCtVilLWNk?t=7445			No	The image for the ad was archived successfully, but during the recording session the ad was not selected to be displayed. 
ArchiveWeb.page	ReplayWeb.page	Chrome	https://www.facebook.com/	2023-03-02_facebook_ads_ArchiveWeb_page.wacz	Image 1 URI-R: https://scontent-iad3-1.xx.fbcdn.net/v/t45.5328-4/319875099_6036002623090805_5830931343706376250_n.jpg?stp=c0.120.960.960a_dst-jpg_p960x960&_nc_cat=111&ccb=1-7&_nc_sid=c48759&_nc_ohc=BMzZXVdHkKUAX83jLBb&_nc_ht=scontent-iad3-1.xx&oh=00_AfD6uJXaLptgVozN7UgJl8cLdYNgsI8SUkhIW7Aqo0qkig&oe=64056FE3									https://youtu.be/KsCtVilLWNk?t=8246			No	The image for the ad was archived successfully, but during the recording session the ad was not selected to be displayed. 
ArchiveWeb.page	ReplayWeb.page	Chrome	https://www.facebook.com/	2023-03-02_facebook_ads_ArchiveWeb_page.wacz	Image 1 URI-R: https://scontent-iad3-1.xx.fbcdn.net/v/t45.5328-4/326966197_6264841526869752_7220635268041389187_n.jpg?stp=c0.120.960.960a_dst-jpg_p960x960&_nc_cat=108&ccb=1-7&_nc_sid=c48759&_nc_ohc=FMN1XxkQPZQAX-9PPvH&_nc_ht=scontent-iad3-1.xx&oh=00_AfBybZi0aqyMI6EbIetI1TMpN_YQat2M9v6IocknQYds8Q&oe=640580EF									https://youtu.be/KsCtVilLWNk?t=8257			No	The image for the ad was archived successfully, but during the recording session the ad was not selected to be displayed. 
																		
ArchiveWeb.page	ReplayWeb.page	Chrome	https://www.cnn.com/	2023-05-10_ads_on_cnn_ArchiveWeb_page.wacz	Image 1 URI-R: https://tpc.googlesyndication.com/simgad/18224570386520315776?sqp=4sqPyQQrQikqJwhfEAEdAAC0QiABKAEwCTgDQPCTCUgAUAFYAWBfcAJ4AcUBLbKdPg&rs=AOga4qn8GiqaJ0o1iEGy6kR-dKJGZRtM3g									https://youtu.be/3CdUFVWLT38?t=8174	https://youtu.be/dquG3uOS3k4		Yes	No issues
ArchiveWeb.page	ReplayWeb.page	Chrome	https://www.cnn.com/	2023-05-10_ads_on_cnn_ArchiveWeb_page.wacz	Image 1 URI-R: https://s0.2mdn.net/simgad/11599281031676764239									https://youtu.be/3CdUFVWLT38?t=4346	https://youtu.be/dquG3uOS3k4		No	Uses Google's safeframe which will not load during replay, since part of the URL has a random value that can be different each time the archived web page is replayed. I have not seen a case where the correct random value was used for the Google safeframe when using ReplayWeb.page, pywb, and openWayback. 
ArchiveWeb.page	ReplayWeb.page	Chrome	https://www.cnn.com/	2023-05-10_ads_on_cnn_ArchiveWeb_page.wacz	Image 1 URI-R: https://s0.2mdn.net/simgad/17004131269797875738									https://youtu.be/3CdUFVWLT38?t=4303	https://youtu.be/dquG3uOS3k4		No	Uses Google's safeframe which will not load during replay, since part of the URL has a random value that can be different each time the archived web page is replayed. I have not seen a case where the correct random value was used for the Google safeframe when using ReplayWeb.page, pywb, and openWayback. 
ArchiveWeb.page	ReplayWeb.page	Chrome	https://www.cnn.com/	2023-05-10_ads_on_cnn_ArchiveWeb_page.wacz	Image 1 URI-R: https://images.outbrainimg.com/transform/v3/eyJpdSI6ImY0Y2ZiYzM5ODE2NDgwMGQzNzg5MGZiMDU0MGJiYzFhMDU1NWQ4ZGVkMzRmZGQ0YTRkNzdkOWM4MzkyYzU1MjkiLCJ3IjozMDAsImgiOjIwMCwiZCI6MS4wLCJjcyI6MCwiZiI6NH0.webp	Text 1: 39 Players Who Refused To Play For The Team That Drafted Them	Text 2: Gameday News							https://youtu.be/3CdUFVWLT38	https://youtu.be/dquG3uOS3k4		Yes	No issues
ArchiveWeb.page	ReplayWeb.page	Chrome	https://www.cnn.com/	2023-05-10_ads_on_cnn_ArchiveWeb_page.wacz	Image 1 URI-R: https://images.outbrainimg.com/transform/v3/eyJpdSI6IjBhOWJlODc5NjMxZWNiNjNlMDRlODIzYTI3MTQwYjIyNGNiM2Y4ZjliM2IzYmJiM2UyOTk4ZDgyOTEzMWY1MjciLCJ3IjozMDAsImgiOjIwMCwiZCI6MS4wLCJjcyI6MCwiZiI6NH0.webp	Text 1: [Gallery] Things History Left Out About The Battle Of Midway	Text 2: Taco Relish							https://youtu.be/3CdUFVWLT38	https://youtu.be/dquG3uOS3k4		Yes	No issues
ArchiveWeb.page	ReplayWeb.page	Chrome	https://www.cnn.com/	2023-05-10_ads_on_cnn_ArchiveWeb_page.wacz	Image 1 URI-R: https://zem.outbrainimg.com/p/srv/sha/46/18/e8/18c9c53b7e07f27af30a563629593f3fee.png?w=300&h=200&fit=crop&crop=faces&q=45&fm=jpg	Text 1: [Photos] Meet Harris' Husband Not Many People Know About	Text 2: Try Not To Choke, When You See Her New Richest Wife	Text 3: Boite A Scoop						https://youtu.be/3CdUFVWLT38	https://youtu.be/dquG3uOS3k4		Yes	No issues
ArchiveWeb.page	ReplayWeb.page	Chrome	https://www.cnn.com/	2023-05-10_ads_on_cnn_ArchiveWeb_page.wacz	Video 1 URI-R: https://images.outbrainimg.com/transform/v3/eyJpdSI6IjA1YzYxOGZiYzRlYjU2ZGI0YTg2MWFiODYzMTZiYTcxMjJkNGVhMTAxNTgwNWI2N2ZkMGU0MDBmODhjOWI2MTAiLCJ3IjozMDAsImgiOjIwMCwiZCI6MS4wLCJjcyI6MiwiZiI6NX0.mp4	Text 1: How This Detergent Sheet Is Crushing The Market	Text 2: Detergent Alternative							https://youtu.be/3CdUFVWLT38	https://youtu.be/dquG3uOS3k4		Yes	No issues
ArchiveWeb.page	ReplayWeb.page	Chrome	https://www.cnn.com/	2023-05-10_ads_on_cnn_ArchiveWeb_page.wacz	Image 1 URI-R: https://ntvcld-a.akamaihd.net/image/upload/w_960,h_540,c_fill,g_auto:text,f_auto/assets/FE1CD62D5D924B8B8054443B1D0F2C8B.jpg	Text 1: 5-star rated card wipes out interest until nearly 2025	Text 2: Card wipes out interest until nearly 2025	Text 3: One of the most valuable balance transfer cards	Text 4: This card's a slam dunk if you want to eliminate interest					https://youtu.be/3CdUFVWLT38	https://youtu.be/dquG3uOS3k4		Sometimes	Sometimes this ad is loaded at the bottom of the web page. 
ArchiveWeb.page	ReplayWeb.page	Chrome	https://www.cnn.com/	2023-05-10_ads_on_cnn_ArchiveWeb_page.wacz	Image 1 URI-R: https://ntvcld-a.akamaihd.net/image/upload/w_960,h_540,c_fill,g_auto:text,f_auto,fl_lossy,e_sharpen:70/assets/9C6C32D702F54A718BF596EF0FE0050F.png	Text 1: Aging Americans Should Do This Daily	Text 2: Why It’s Important To Always Listen To Your Body	Text 3: Eating Well But Still Feeling Sluggish? Here's Why	Text 4: The 1-Minute Routine Aging Americans Should Do					https://youtu.be/3CdUFVWLT38	https://youtu.be/dquG3uOS3k4		Sometimes	Sometimes this ad is loaded at the bottom of the web page. 
ArchiveWeb.page	ReplayWeb.page	Chrome	https://www.cnn.com/	2023-05-10_ads_on_cnn_ArchiveWeb_page.wacz	Image 1 URI-R: https://ntvcld-a.akamaihd.net/image/upload/w_960,h_540,c_fill,g_auto:text,f_auto/assets/BCD46485B16D4A28A1BAAD8A629D6DCF.jpg	Text 1: Americans Vs. Retirement: Here Are the Average Savings	Text 2: Average Retirement Savings Revealed: How Do You Compare?	Text 3: Here's What the Average American Has Saved for Retirement	Text 4: Do Your Retirement Investments Compare to the Average?					https://youtu.be/3CdUFVWLT38	https://youtu.be/dquG3uOS3k4		Sometimes	Sometimes this ad is loaded at the bottom of the web page. 
ArchiveWeb.page	ReplayWeb.page	Chrome	https://www.cnn.com/	2023-05-10_ads_on_cnn_ArchiveWeb_page.wacz	Image 1 URI-R: https://ntvcld-a.akamaihd.net/image/upload/w_960,h_540,c_fill,g_auto:text,f_auto/assets/00C838B377A443EC9E438DC5C2343D0E.jpeg	Text 1: Three Foods You Should Give Your Dog Every Day	Text 2: Canine Health Is On The Decline, Here’s Why	Text 3: Katherine Heigl Reveals Three Dog Superfoods	Text 4: Give Your Dog This Daily, Here's Why					https://youtu.be/3CdUFVWLT38	https://youtu.be/dquG3uOS3k4		Sometimes	Sometimes this ad is loaded at the bottom of the web page. 
ArchiveWeb.page	ReplayWeb.page	Chrome	https://www.cnn.com/	2023-05-10_ads_on_cnn_ArchiveWeb_page.wacz	Image 1 URI-R: https://ntvcld-a.akamaihd.net/image/upload/w_960,h_540,c_fill,g_auto:text,f_auto/assets/5656F932DABC425C8D47345C7E89BAB1.jpg	Text 1: Dream big with a home equity loan	Text 2: Access your home's equity before it's too late	Text 3: Experts urge Americans to access their home's equity	Text 4: Turn your rising home equity into cash you can use					https://youtu.be/3CdUFVWLT38	https://youtu.be/dquG3uOS3k4		Sometimes	Sometimes this ad is loaded at the bottom of the web page. 
ArchiveWeb.page	ReplayWeb.page	Chrome	https://www.cnn.com/	2023-05-10_ads_on_cnn_ArchiveWeb_page.wacz	Image 1 URI-R: https://ntvcld-a.akamaihd.net/image/upload/w_960,h_540,c_fill,g_auto:text,f_auto,fl_lossy,e_sharpen:70/assets/48E541BEA83C47939AB06189D8674F03.png	Text 1: No Recession? 10 Small Habits Americans Can Use to Grow Wealth in 2023	Text 2: Rolling Recession? 10 Easy Ways to Grow Wealth in Any Economy	Text 3: Top Ways to Supplement Your Income During a Recession	Text 4: 10 Nearly Secret Ways to Thrive During a Recession					https://youtu.be/3CdUFVWLT38	https://youtu.be/dquG3uOS3k4		Sometimes	Sometimes this ad is loaded at the bottom of the web page. 
ArchiveWeb.page	ReplayWeb.page	Chrome	https://www.cnn.com/	2023-05-10_ads_on_cnn_ArchiveWeb_page.wacz	Embedded Web Page: https://distro.tv/embed_episode2.html?show=distrotv-entertainment-update-2	Text 1: IMPACT Wrestling: Relive all-time classics and explosive action with your favorite... 	Text 2: DistroTV is the best FREE independent streaming television service	Text 3: 270+ FREE live streaming channels: Entertainment, Sports, Movies, Music & More	Text 4: No sign up. No registration. No credit cards. Just watch for FREE					https://youtu.be/3CdUFVWLT38	https://youtu.be/dquG3uOS3k4		Sometimes	Sometimes this ad is loaded at the bottom of the web page. 
ArchiveWeb.page	ReplayWeb.page	Chrome	https://www.cnn.com/	2023-05-10_ads_on_cnn_ArchiveWeb_page.wacz	Image 1 URI-R: https://cache-ssl.celtra.com/api/blobs/b0e7cdcaafece90e5071d4b7419df13d90d9bd11ebf0e102c4e4f6a2f6d5f27c/1920x480%20wunderkind.png?transform=crush&quality=256	Image 2 URI-R: https://cache-ssl.celtra.com/api/videoThumb/9182cc4f0dcbd61a1bfbdd096b7210cc337dfc15746c23a49f83227d87079e28?position=0&transform=crush&resize=nullx200&quality=90&colorAccurate=true	Video URI-R: https://cache-ssl.celtra.com/api/videoStream/9182cc4f0dcbd61a1bfbdd096b7210cc337dfc15746c23a49f83227d87079e28/vp9_served_720p/video.webm?transform=VideoStream&celtraCacheBust=8-1							https://youtu.be/3CdUFVWLT38?t=4331	https://youtu.be/dquG3uOS3k4		No	This ad may be using a Google safeframe.
ArchiveWeb.page	ReplayWeb.page	Chrome	https://www.cnn.com/	2023-05-10_ads_on_cnn_ArchiveWeb_page.wacz	Image 1 URI-R: https://tpc.googlesyndication.com/simgad/7983774131027975869?	Text 1: Content By APOLLO	Text 2: This bracelet can change how you sleep	Text 3: The science backed-bracelet designed to resolve stress, reduce anxiety and improve sleep. Is $40 off right now						https://youtu.be/3CdUFVWLT38?t=4297	https://youtu.be/dquG3uOS3k4		No	Uses Google's safeframe which will not load during replay, since part of the URL has a random value that can be different each time the archived web page is replayed. I have not seen a case where the correct random value was used for the Google safeframe when using ReplayWeb.page, pywb, and openWayback. 
ArchiveWeb.page	ReplayWeb.page	Chrome	https://www.cnn.com/	2023-05-10_ads_on_cnn_ArchiveWeb_page.wacz	Video URI-R: https://cdn1.extremereach.io/media/157016/169477/bc5882bb-3d5d-47f1-83fe-d0fff10b89f2/a0a7ddab-77be-433a-a543-190686d61c60.mp4?line_item=15795245&cid=100670&e=e.mp4									https://youtu.be/3CdUFVWLT38?t=4273	https://youtu.be/dquG3uOS3k4		No	A request was not made for this resource during replay.
ArchiveWeb.page	ReplayWeb.page	Chrome	https://www.cnn.com/	2023-05-10_ads_on_cnn_ArchiveWeb_page.wacz	Embedded web page URI-R: https://products.gobankingrates.com/pub/ced4077e-d313-11ec-8570-0e0b1012e14d/cau-borderless									https://youtu.be/3CdUFVWLT38	https://youtu.be/dquG3uOS3k4?t=3584		Yes	No issues
ArchiveWeb.page	ReplayWeb.page	Chrome	https://www.cnn.com/	2023-05-10_ads_on_cnn_ArchiveWeb_page.wacz	Embedded web page URI-R: https://custom.lockerdome.com/ladstatic/13963838441873510?version=redesign									https://youtu.be/3CdUFVWLT38	https://youtu.be/dquG3uOS3k4		Sometimes	This ad sometimes is able to load at the bottom of the web page. 
ArchiveWeb.page	ReplayWeb.page	Chrome	https://www.cnn.com/	2023-05-10_ads_on_cnn_ArchiveWeb_page.wacz	Ad frame URI-R: https://aax-us-east.amazon-adsystem.com/e/dtb/admi?b=JNX-7JHKx2H3b-jlj0g9kXYAAAGIBh5DbAEAAAxXAQBhcHNfdHhuX2JpZDEgICBhcHNfdHhuX2ltcDEgICAfpc2K&rnd=4050885070311683729828071&pp=r78um8&p=9az1fk	Image 1 URI-R: https://m.media-amazon.com/images/S/al-na-9d5791cf-3faf/cc9f1b47-5e41-4f0c-a023-b24c5587d631.jpg								https://youtu.be/3CdUFVWLT38?t=8042	https://youtu.be/dquG3uOS3k4		Sometimes	Sometimes this ad is selected to be displayed.
ArchiveWeb.page	ReplayWeb.page	Chrome	https://www.cnn.com/	2023-05-10_ads_on_cnn_ArchiveWeb_page.wacz	Ad frame URI-R: https://aax-us-east.amazon-adsystem.com/e/dtb/admi?b=JBDnWUOjArnVacYd-PAEyUQAAAGIBhytBAEAAAxXAQBhcHNfdHhuX2JpZDEgICBhcHNfdHhuX2ltcDEgICClYcWD&rnd=2942692666231683729723280&pp=sb785c&p=9az1fk	Image 1 URI-R: https://m.media-amazon.com/images/I/61yicfQV5kL._AC_SX315_SY252_.jpg	Text 1: Philips Norelco OneBlade Hybrid Electric Trimmer and Shaver, Frustration Free Packaging, QP2520/90	Image 2 URI-R: https://images-na.ssl-images-amazon.com/images/G/01/da/creatives/aui-tablet-stars-2x.png	Text 2: $37.99	Image 3: https://images-na.ssl-images-amazon.com/images/G/01/da/creatives/prime-2x-20170531.png				https://youtu.be/3CdUFVWLT38	https://youtu.be/dquG3uOS3k4		Sometimes	Sometimes this ad is selected to be displayed.
																		
Browsertrix Crawler	ReplayWeb.page	Firefox	https://www.youtube.com/watch?v=PZShwWiepeY	2023-01-11_01-03-07_ads_on_youtube_browsertrix_crawler.warc.gz	Image: https://lh3.googleusercontent.com/proxy/MbgoltwG0R2TnY-kD3oFHbY1SALWTw99vg2LtoLWSg5J_Vzb2mRww1SlPmw0AlVU2PqPIg2798FUuXGozfLnUmy2_78t3rI2OsgYEaL0JyiQACXtNBqEo1v8o38F2i14gUUB	Text 1: Download Free Games	Text 2: Play GarrysMod, Sims 4, Minecraft, Poppy Playtime and Other Simulation Games For Free Now	Text 3: powergamesplay.com						https://youtu.be/OM6WKHwTghU?t=524			Yes	No issues
																		
Browsertrix Crawler	ReplayWeb.page	Chrome	https://www.realtor.com/news/unique-homes/frank-lloyd-wright-designed-home-in-tulsa-ok-lists-for-7-9m/	2023_05_23_Ads_on_www_realtor_com_browsertrix_crawler.warc.gz	Image 1 URI-R: https://tpc.googlesyndication.com/simgad/5485449075282646270												Yes	No issues
Browsertrix Crawler	ReplayWeb.page	Chrome	https://www.realtor.com/news/unique-homes/frank-lloyd-wright-designed-home-in-tulsa-ok-lists-for-7-9m/	2023_05_23_Ads_on_www_realtor_com_browsertrix_crawler.warc.gz	Image 1 URI-R: https://rdcnewsadvice.wpengine.com/wp-content/themes/realtor2015/images/unique-homes-desktop.jpg												Yes	No issues
Browsertrix Crawler	ReplayWeb.page	Chrome	https://www.realtor.com/news/unique-homes/frank-lloyd-wright-designed-home-in-tulsa-ok-lists-for-7-9m/	2023_05_23_Ads_on_www_realtor_com_browsertrix_crawler.warc.gz	Image 1 URI-R: https://tpc.googlesyndication.com/simgad/5492974643912511905												Yes	No issues
Browsertrix Crawler	ReplayWeb.page	Chrome	https://www.realtor.com/news/unique-homes/frank-lloyd-wright-designed-home-in-tulsa-ok-lists-for-7-9m/	2023_05_23_Ads_on_www_realtor_com_browsertrix_crawler.warc.gz	Image 1 URI-R: https://tpc.googlesyndication.com/simgad/6672372128398690653												Yes	No issues
Browsertrix Crawler	ReplayWeb.page	Chrome	https://www.realtor.com/news/unique-homes/frank-lloyd-wright-designed-home-in-tulsa-ok-lists-for-7-9m/	2023_05_23_Ads_on_www_realtor_com_browsertrix_crawler.warc.gz	Image 1 URI-R: https://tpc.googlesyndication.com/simgad/15045010253077577450												Yes	No issues
Browsertrix Crawler	ReplayWeb.page	Chrome	https://www.realtor.com/news/unique-homes/frank-lloyd-wright-designed-home-in-tulsa-ok-lists-for-7-9m/	2023_05_23_Ads_on_www_realtor_com_browsertrix_crawler.warc.gz	Image 1 URI-R: https://tpc.googlesyndication.com/simgad/7618795187222862671												Yes	No issues
Browsertrix Crawler	ReplayWeb.page	Chrome	https://www.realtor.com/news/unique-homes/frank-lloyd-wright-designed-home-in-tulsa-ok-lists-for-7-9m/	2023_05_23_Ads_on_www_realtor_com_browsertrix_crawler.warc.gz	Image 1 URI-R: https://ap.rdcpix.com/ec423dd841c0e4041b65558e7c76c3aal-m70434471s-od-w480_h360.jpg	Text 1: NEW	Text 2: For Sale	Text 3: $1,899,000	Text 4 (replaced tabs with spaces): 4 bed                   3 bath                  2069 sqft	Text 5: 72 Meadowbrook Dr	Text 6: San Francisco, CA						Yes	No issues
Browsertrix Crawler	ReplayWeb.page	Chrome	https://www.realtor.com/news/unique-homes/frank-lloyd-wright-designed-home-in-tulsa-ok-lists-for-7-9m/	2023_05_23_Ads_on_www_realtor_com_browsertrix_crawler.warc.gz	Image 1 URI-R: https://ap.rdcpix.com/05616207a882ecfafb1f1c25c5eb09del-m3147300612s-od-w480_h360.jpg	Text 1: NEW	Text 2: For Sale	Text 3: $4,380,000	Text 4 (replaced tabs with spaces):  4 bed                   4 bath                  2700 sqft	Text 5: 47 Magnolia St	Text 6: San Francisco, CA						Yes	No issues
Browsertrix Crawler	ReplayWeb.page	Chrome	https://www.realtor.com/news/unique-homes/frank-lloyd-wright-designed-home-in-tulsa-ok-lists-for-7-9m/	2023_05_23_Ads_on_www_realtor_com_browsertrix_crawler.warc.gz	Image 1 URI-R: https://ap.rdcpix.com/4684dba5ea5480b548ca0890e9f28d82l-m3539197075s-od-w480_h360.jpg	Text 1: NEW	Text 2: For Sale	Text 3: $5,288,000	Text 4 (replaced tabs with spaces): 6 bed                   6 bath                  4040 sqft	Text 5: 3848-3850 California St	Text 6: San Francisco, CA						Yes	No issues
Browsertrix Crawler	ReplayWeb.page	Chrome	https://www.realtor.com/news/unique-homes/frank-lloyd-wright-designed-home-in-tulsa-ok-lists-for-7-9m/	2023_05_23_Ads_on_www_realtor_com_browsertrix_crawler.warc.gz	Image 1 URI-R: https://ap.rdcpix.com/c565263c2e8840fd392380ae71651196l-m1736193465s-od-w480_h360.jpg	Text 1: NEW	Text 2: For Sale	Text 3: $3,995,000	Text 4 (replaced tabs with spaces): 3 bed                   3 bath                  2550 sqft	Text 5: 1268 Lombard St Unit 1	Text 6: San Francisco, CA						Yes	No issues
Browsertrix Crawler	ReplayWeb.page	Chrome	https://www.realtor.com/news/unique-homes/frank-lloyd-wright-designed-home-in-tulsa-ok-lists-for-7-9m/	2023_05_23_Ads_on_www_realtor_com_browsertrix_crawler.warc.gz	Embedded Web Page URI-R: https://s0.2mdn.net/sadbundle/16082860128748908839/2_AllMop_728x90/Spring2023_Combo_j7+_Display_Consideration_AnimatedBanner_AllVacuum_AllMop_728x90.html												No	This ad was not replayed successfully, because it would have been loaded in a Google Safeframe
																		
Browsertrix Crawler	ReplayWeb.page	Chrome	https://www.deviantart.com/kvacm/art/Hellstone-Ruins-860415274	2023_05_24_Ads_on_deviantart_com_Browsertrix_Crawler.warc.gz	Embedded Web Page URI-R: https://www.deviantart.com/_nsfgfb/?realEstateId=9c14ea7a-8c35-429a-9857-00ad04ebb4c1&biClientId=f57d906e-d044-82f7-9b25-a96659df280d&biClientIdSigned=eyJ0eXAiOiJKV1QiLCJhbGciOiJIUzI1NiJ9.eyJiaUNsaWVudElkIjoiZjU3ZDkwNmUtZDA0NC04MmY3LTliMjUtYTk2NjU5ZGYyODBkIiwidHMiOjE2ODQ5MDM5Mzd9.HFtV96xz1vZoT9UG1T2XsWUgBpYjn55QfWa5OX1LWcs&newApi=2									https://youtu.be/rCbYPTeriGw?t=2444			Yes	No issues
Browsertrix Crawler	ReplayWeb.page	Chrome	https://www.deviantart.com/kvacm/art/Hellstone-Ruins-860415274	2023_05_24_Ads_on_deviantart_com_Browsertrix_Crawler.warc.gz	Image 1 URI-R: https://tpc.googlesyndication.com/simgad/12543552992348925316/2076313506083323656	Image 2 URI-R: https://tpc.googlesyndication.com/simgad/8826504722586772593?w=100&h=100	Text 1: 35+ Photos With Amazing Timing	Text 2: Perfectly timed photos that'll make everyone do a double take						https://youtu.be/rCbYPTeriGw?t=2757			Sometimes	This ad sometimes loads when replaying the web page.
Browsertrix Crawler	ReplayWeb.page	Chrome	https://www.deviantart.com/kvacm/art/Hellstone-Ruins-860415274	2023_05_24_Ads_on_deviantart_com_Browsertrix_Crawler.warc.gz	Image 1 URI-R: https://s0.2mdn.net/simgad/17577205861146730129									https://youtu.be/rCbYPTeriGw?t=3070			No	This ad may be using a Google safeframe 
Browsertrix Crawler	ReplayWeb.page	Chrome	https://www.deviantart.com/kvacm/art/Hellstone-Ruins-860415274	2023_05_24_Ads_on_deviantart_com_Browsertrix_Crawler.warc.gz	Image 1 URI-R: https://tpc.googlesyndication.com/simgad/13686812656222060787									https://youtu.be/rCbYPTeriGw?t=4930			Sometimes	This ad sometimes loads when replaying the web page.
Browsertrix Crawler	ReplayWeb.page	Chrome	https://www.deviantart.com/kvacm/art/Hellstone-Ruins-860415274	2023_05_24_Ads_on_deviantart_com_Browsertrix_Crawler.warc.gz	Image 1 URI-R: https://s0.2mdn.net/simgad/8263886298088842947									https://youtu.be/rCbYPTeriGw?t=5064			Sometimes	This ad sometimes loads when replaying the web page.
																		
Save Page Now	Wayback Machine	Chrome	https://www.vidal.ru/novosti/kak-potreblenie-razlichnyh-doz-alkogolya-vliyaet-na-smertnost-11744	https://web.archive.org/web/20230405040011/https://www.vidal.ru/novosti/kak-potreblenie-razlichnyh-doz-alkogolya-vliyaet-na-smertnost-11744	Image 1 URI-M: https://web.archive.org/web/20230404180208im_/https://www.vidal.ru/upload/banner/mex-all1-200x200.jpg									https://youtu.be/7vTujyKW6u4?t=3646			Yes	No Issues
Save Page Now	Wayback Machine	Chrome	https://www.vidal.ru/novosti/kak-potreblenie-razlichnyh-doz-alkogolya-vliyaet-na-smertnost-11745	https://web.archive.org/web/20230405040011/https://www.vidal.ru/novosti/kak-potreblenie-razlichnyh-doz-alkogolya-vliyaet-na-smertnost-11744	Image 1 URI-M: https://web.archive.org/web/20230405040011im_/https://www.vidal.ru/upload/banner/banner-vet-app.gif									https://youtu.be/7vTujyKW6u4?t=3691			Yes	No Issues
																		
archive.today	archive.today	Chrome	https://www.tripadvisor.it/Tourism-g186338-London_England-Vacations.html	https://archive.is/q8HZ7	Image 1 URI-M: https://archive.is/q8HZ7/95f21a597e5fcf27746140f17db09bf38d4c90bf.jpg	Text 1: It's time to take a trip.	Text 2: Plan your well-deserved vacation with our app.	Button text: Download the app						https://youtu.be/7vTujyKW6u4?t=6599			Yes	No issues
																		
archive.today	archive.today	Chrome	https://unsplash.com/t/wallpapers	https://archive.ph/ZzWvA	Image 1 URI-M: https://archive.today/ZzWvA/0c6a40eaec9963d02558cbba07e21f6e87b74d42.avif	Image 2 URI-M: https://archive.ph/ZzWvA/2b76cb8993a2f9a3e17f49e6b77eb350bb5c9e48.avif	Text 1: Get the advanced tools you need to grow	Button Text: Sign Up						https://youtu.be/dsjIjmmvWzA?t=3133			Yes	No issues
archive.today	archive.today	Chrome	https://unsplash.com/t/wallpapers	https://archive.ph/ZzWvA	Image 1 URI-M: https://archive.ph/ZzWvA/20e44e2cd30b1ef11fb55b13436b4c191bde1547.avif	Image 2 URI-M: https://archive.ph/ZzWvA/d736883f7cf0f5eee3fdb5c330987c7477a9ae5f.svg	Text 1: Build the website of your dreams.	Button Text: Start Building						https://youtu.be/dsjIjmmvWzA?t=3348			Yes	No issues
archive.today	archive.today	Chrome	https://unsplash.com/t/wallpapers	https://archive.ph/ZzWvA	Image 1 URI-M: https://archive.ph/ZzWvA/e2e6f5ab3e14fc18f4ee0fb538646eaaa3cefa04.avif	Image 2 URI-M: https://archive.ph/ZzWvA/d736883f7cf0f5eee3fdb5c330987c7477a9ae5f.svg	Text 1: Get a professional website for just $199.	Button Text: Get the Deal						https://youtu.be/dsjIjmmvWzA?t=3523			Yes	No issues
																		
Conifer	Conifer	Chrome	https://www.diy.com/	https://conifer.rhizome.org/treid003/archiving-web-pages-with-ads/20230425230732/https://www.diy.com/	Image 1 URI-M: https://cones.conifer.rhizome.org/treid003/archiving-web-pages-with-ads/20230425230732im_/https://media.diy.com/is/image/KingfisherDigital/82ea9ac328d772e3bf2184f7509fbb44235a1fd7?$BQ_HBT_D$	Alternative Image 1 URI-M: https://cones.conifer.rhizome.org/treid003/archiving-web-pages-with-ads/20230425230732im_/https://media.diy.com/is/image/KingfisherDigital/82ea9ac328d772e3bf2184f7509fbb44235a1fd7?$BQ_HBT_D$	Alternative Image 1 URI-M: https://cones.conifer.rhizome.org/treid003/archiving-web-pages-with-ads/20230425230732im_/https://media.diy.com/is/image/KingfisherDigital/4989114fae2f7d20cb2e9fc614c67bcad229384a?$BQ_HBT_T$	Alternative Image 1 URI-M:  https://cones.conifer.rhizome.org/treid003/archiving-web-pages-with-ads/20230425230732im_/https://media.diy.com/is/image/KingfisherDigital/generic-MobileGeneric-HP-tile-DTM-Spring-Sale-Generic-Ends-today~13438c9ca19aeb261e6194a5719dbc060ab882fd?$WCMS_NPI_FW_S$						https://youtu.be/9dcWMcBwvqI?t=1138			Yes	No issues
Conifer	Conifer	Chrome	https://www.diy.com/	https://conifer.rhizome.org/treid003/archiving-web-pages-with-ads/20230425230732/https://www.diy.com/	Image 1 URI-M: https://cones.conifer.rhizome.org/treid003/archiving-web-pages-with-ads/20230425230732im_/https://media.diy.com/is/image/KingfisherDigital/15e0ec4392b39cabc038a9a8bcc097e64dbca903?$WCMS_NPI_FW_S$									https://youtu.be/9dcWMcBwvqI?t=1293			Yes	No issues
Conifer	Conifer	Chrome	https://www.diy.com/	https://conifer.rhizome.org/treid003/archiving-web-pages-with-ads/20230425230732/https://www.diy.com/	Image 1 URI-M: https://cones.conifer.rhizome.org/treid003/archiving-web-pages-with-ads/20230425230732im_/https://s7g10.scene7.com/is/image/KingfisherDigital/c9172356e87936b6f5e107ea94e59d0e751a9c44?$WCMS_NPI_FW_S$									https://youtu.be/9dcWMcBwvqI?t=1424			Yes	No issues
Conifer	Conifer	Chrome	https://www.diy.com/	https://conifer.rhizome.org/treid003/archiving-web-pages-with-ads/20230425230732/https://www.diy.com/	Image 1 URI-M: https://cones.conifer.rhizome.org/treid003/archiving-web-pages-with-ads/20230425230732im_/https://media.diy.com/is/image/KingfisherDigital/OutdoorGarden-MobileGeneric-HP-tile-DTM-new-lower-price-compost-png~102839cb913ff67d09289cb2262ae80fc605ec08?$WCMS_NPI_FW_M$									https://youtu.be/9dcWMcBwvqI?t=1468			Yes	No issues
Conifer	Conifer	Chrome	https://www.diy.com/	https://conifer.rhizome.org/treid003/archiving-web-pages-with-ads/20230425230732/https://www.diy.com/	Image 1 URI-M: https://cones.conifer.rhizome.org/treid003/archiving-web-pages-with-ads/20230425230732im_/https://s7g10.scene7.com/is/image/KingfisherDigital/303c86dca52b1b66399e200b755b3d5fce2bbb96?$WCMS_NPI_FW_S$									https://youtu.be/9dcWMcBwvqI?t=1592			Yes	No issues
Conifer	Conifer	Chrome	https://www.diy.com/	https://conifer.rhizome.org/treid003/archiving-web-pages-with-ads/20230425230732/https://www.diy.com/	Image 1 URI-M: https://cones.conifer.rhizome.org/treid003/archiving-web-pages-with-ads/20230425230732im_/https://media.diy.com/is/image/KingfisherDigital/685354f8164f276f1465840c41b925ce11ba27a6?$WCMS_NPI_FW_M$									https://youtu.be/9dcWMcBwvqI?t=1629			Yes	No issues
Conifer	Conifer	Chrome	https://www.diy.com/	https://conifer.rhizome.org/treid003/archiving-web-pages-with-ads/20230425230732/https://www.diy.com/	Image 1 URI-M: https://cones.conifer.rhizome.org/treid003/archiving-web-pages-with-ads/20230425230732im_/https://media.diy.com/is/image/KingfisherDigital/OutdoorGarden-MobileGeneric-HP-tile-DTM-Power-Tools~9b5ab6b953dae36da418f2a1a130535bb40428c0?$WCMS_NPI_FW_S$									https://youtu.be/9dcWMcBwvqI?t=1685			Yes	No issues
Conifer	Conifer	Chrome	https://www.diy.com/	https://conifer.rhizome.org/treid003/archiving-web-pages-with-ads/20230425230732/https://www.diy.com/	Image 1 URI-M: https://cones.conifer.rhizome.org/treid003/archiving-web-pages-with-ads/20230425230732im_/https://media.diy.com/is/image/KingfisherDigital/eadb9f2cb7310cd438cc17fb42dea670a4f81b44?$WCMS_NPI_FW_XL$									https://youtu.be/9dcWMcBwvqI?t=1706			Yes	No issues
Conifer	Conifer	Chrome	https://www.diy.com/	https://conifer.rhizome.org/treid003/archiving-web-pages-with-ads/20230425230732/https://www.diy.com/	Image 1 URI-M: https://cones.conifer.rhizome.org/treid003/archiving-web-pages-with-ads/20230425230732im_/https://media.diy.com/is/image/KingfisherDigital/ed9c6cbb609549960fbad9f809861bc277bf2680?$WCMS_NPI_FW_XL$									https://youtu.be/9dcWMcBwvqI?t=2524			Yes	No issues
Conifer	Conifer	Chrome	https://www.diy.com/	https://conifer.rhizome.org/treid003/archiving-web-pages-with-ads/20230425230732/https://www.diy.com/	Image 1 URI-M: https://cones.conifer.rhizome.org/treid003/archiving-web-pages-with-ads/20230425230732im_/https://media.diy.com/is/image/KingfisherDigital/3760287183687_01c_MP?$MOB_PREV$&$width=380&$height=380	Text 1: 10ft trampoline with inner safety net for optimal safety -  Diam.305 cm - Mars Inner - Grey	Text 2: £199.00	Button Text: Add to basket						https://youtu.be/9dcWMcBwvqI?t=1831			Yes	No issues
Conifer	Conifer	Chrome	https://www.diy.com/	https://conifer.rhizome.org/treid003/archiving-web-pages-with-ads/20230425230732/https://www.diy.com/	Image 1 URI-M: https://cones.conifer.rhizome.org/treid003/archiving-web-pages-with-ads/20230425230732im_/https://media.diy.com/is/image/Kingfisher/4054278618241_01c?$MOB_PREV$&$width=380&$height=380	Text 1: Prices nailed	Text 2: Kärcher K4 Power Control Corded Pressure washer 1.8kW 13240320	Text 3: £209.00	Button Text: View product					https://youtu.be/9dcWMcBwvqI?t=2054			Yes	No issues
Conifer	Conifer	Chrome	https://www.diy.com/	https://conifer.rhizome.org/treid003/archiving-web-pages-with-ads/20230425230732/https://www.diy.com/	Image 1 URI-M: https://cones.conifer.rhizome.org/treid003/archiving-web-pages-with-ads/20230425230732im_/https://media.diy.com/is/image/Kingfisher/3663602860143_01c_BQ?$MOB_PREV$&$width=380&$height=380	Text 1: Bulk Delivery	Text 2: Metsä Wood Round edge Whitewood CLS timber (L)2.4m (W)63mm (T)38mm	Text 3: £3.15	Button Text: View product					https://youtu.be/9dcWMcBwvqI?t=2244			Yes	No issues
Conifer	Conifer	Chrome	https://www.diy.com/	https://conifer.rhizome.org/treid003/archiving-web-pages-with-ads/20230425230732/https://www.diy.com/	Image 1 URI-M: https://cones.conifer.rhizome.org/treid003/archiving-web-pages-with-ads/20230425230732im_/https://media.diy.com/is/image/KingfisherDigital/5056010143270_01c_MP?$MOB_PREV$&$width=380&$height=380	Text 1: Oseasons Acorn Rattan 6 Seat Corner Sofa Set in Dove Grey	Text 2: £499.99	Button Text: Add to basket						https://youtu.be/9dcWMcBwvqI?t=2399			Yes	No issues
																		
Conifer	Conifer	Chrome	https://sports.yahoo.com	https://conifer.rhizome.org/treid003/2023-05-16-archiving-ads-on-sportsyahoocom/20230516232647/https://sports.yahoo.com/	Image 1 URI-M: https://cones.conifer.rhizome.org/treid003/2023-05-16-archiving-ads-on-sportsyahoocom/20230516232647im_/https://cdn.yahoomedia.net/creatives/bee2bca5-d740-41d7-b8d6-45b6251c1aab/13/collapse.jpg	Button 2 text: WATCH								https://youtu.be/t-E40UzEDGc?t=3315			Partially	The ad did successfully load in the first ad container, but when the user scrolls down the web page, the ad did not load in the other ad iframes.
Conifer	Conifer	Chrome	https://sports.yahoo.com	https://conifer.rhizome.org/treid003/2023-05-16-archiving-ads-on-sportsyahoocom/20230516232647/https://sports.yahoo.com/	Image 1 URI-M: https://conifer.rhizome.org/treid003/2023-05-16-archiving-ads-on-sportsyahoocom/https://s.yimg.com/uu/api/res/1.2/iuXeqUphtHJVbG2.QtlqIA--~B/Zmk9c3RyaW07aD0yMzA7cT04MDt3PTQ0MDthcHBpZD15dGFjaHlvbg--/https://s.yimg.com/av/curveball/ads/pr/RESIZE_AND_CROP/1200x627/466a1bbb36f580a6a315a13f34b8682c.jpeg	Text 1: Introducing the Xfinity 10G Network	Text 2: Everyone in the house online, all at once.  Introducing the next-generation 10G network. Only from Xfinity.							https://youtu.be/t-E40UzEDGc?t=6275			Yes	No issues
Conifer	Conifer	Chrome	https://sports.yahoo.com	https://conifer.rhizome.org/treid003/2023-05-16-archiving-ads-on-sportsyahoocom/20230516232647/https://sports.yahoo.com/	Image 1 URI-M: https://conifer.rhizome.org/treid003/2023-05-16-archiving-ads-on-sportsyahoocom/https://s.yimg.com/bx/adb/20230310154032235.jpg									https://youtu.be/t-E40UzEDGc?t=4193			Yes	No issues, but this ad was included in an overlay that had a height of 0 so the ad did not display
																		
Arquivo.pt	Arquivo.pt	Chrome	https://www.leroymerlin.com.br/	https://arquivo.pt/wayback/20230426011101/https://www.leroymerlin.com.br/	Text 1 (translated to english): Free Shipping*  on purchases over BRL 3,000 - for products sold and delivered by Leroy Merlin	Text 2 (translated to english): *Valid for distances of up to 50KM. Enjoy today!								https://youtu.be/XUGrRBu7Bg4?t=1495			Yes	No issues
Arquivo.pt	Arquivo.pt	Chrome	https://www.leroymerlin.com.br/	https://arquivo.pt/wayback/20230426011101/https://www.leroymerlin.com.br/	Image 1 URI-M: https://arquivo.pt/wayback/20230426011101im_/https://cdn.leroymerlin.com.br/uploads/img/banners/_1_home_tv_|_48hrs_de_vasos_e_assentos_com_ate_r$_400_off_24_a_26_04_639f_1180x320.png 									https://youtu.be/XUGrRBu7Bg4?t=2073			Yes	No issues
Arquivo.pt	Arquivo.pt	Chrome	https://www.leroymerlin.com.br/	https://arquivo.pt/wayback/20230426011101/https://www.leroymerlin.com.br/	Image 1 URI-M: https://arquivo.pt/wayback/20230426011108im_/https://cdn.leroymerlin.com.br/uploads/img/banners/_4_home_tv_%7C_frete_gratis_para_compras_acima_de_r$_3_000,00_24_a_01_05_a997_1180x320.png									https://youtu.be/XUGrRBu7Bg4?t=2078			Yes	No issues
Arquivo.pt	Arquivo.pt	Chrome	https://www.leroymerlin.com.br/	https://arquivo.pt/wayback/20230426011101/https://www.leroymerlin.com.br/	Image 1 URI-M: https://arquivo.pt/wayback/20230426011108im_/https://cdn.leroymerlin.com.br/uploads/img/banners/_2_home_banner_%7C_festival_acabamento_subtema_laminados_e_vinilicos_21_a_27_04_1109_1180x320.png									https://youtu.be/XUGrRBu7Bg4?t=2084			Yes	No issues
Arquivo.pt	Arquivo.pt	Chrome	https://www.leroymerlin.com.br/	https://arquivo.pt/wayback/20230426011101/https://www.leroymerlin.com.br/	Image 1 URI-M: https://arquivo.pt/wayback/20230426011108im_/https://cdn.leroymerlin.com.br/uploads/img/banners/_4_home_tv_%7C_opecom_acabamento_03_a_15_05_7eea_1180x320.png									https://youtu.be/XUGrRBu7Bg4?t=2436			Yes	No issues
Arquivo.pt	Arquivo.pt	Chrome	https://www.leroymerlin.com.br/	https://arquivo.pt/wayback/20230426011101/https://www.leroymerlin.com.br/	Image 1 URI-M: https://arquivo.pt/wayback/20230426011108im_/https://cdn.leroymerlin.com.br/uploads/img/banners/_5_home_tv_%7C_pisos_e_revestimentos_com_ate_20percent_off_24_a_02_05_bd24_1180x320.png									https://youtu.be/XUGrRBu7Bg4?t=2486			Yes	No issues
Arquivo.pt	Arquivo.pt	Chrome	https://www.leroymerlin.com.br/	https://arquivo.pt/wayback/20230426011101/https://www.leroymerlin.com.br/	Image 1 URI-M: https://arquivo.pt/wayback/20230426011108im_/https://cdn.leroymerlin.com.br/uploads/img/banners/_6_home_tv_%7C_tvs_e_audio_com_ate_30percent_off_24_a_02_05_2501_1180x320.png									https://youtu.be/XUGrRBu7Bg4?t=2555			Yes	No issues
Arquivo.pt	Arquivo.pt	Chrome	https://www.leroymerlin.com.br/	https://arquivo.pt/wayback/20230426011101/https://www.leroymerlin.com.br/	Image 1 URI-M: https://arquivo.pt/wayback/20230426011108im_/https://cdn.leroymerlin.com.br/uploads/img/banners/_7_home_tv__se_%7C_climatizacao_a_partir_de_109,90__24_a_02_05_c3bd_1180x320.png									https://youtu.be/XUGrRBu7Bg4?t=2607			Yes	No issues
Arquivo.pt	Arquivo.pt	Chrome	https://www.leroymerlin.com.br/	https://arquivo.pt/wayback/20230426011101/https://www.leroymerlin.com.br/	Image 1 URI-M: https://arquivo.pt/wayback/20230426011108im_/https://cdn.leroymerlin.com.br/uploads/img/banners/_8_home_tv_%7C_manutencao_externa_com_ate_20percent_off__24_a_02_05_d142_1180x320.png									https://youtu.be/XUGrRBu7Bg4?t=2656			Yes	No issues
Arquivo.pt	Arquivo.pt	Chrome	https://www.leroymerlin.com.br/	https://arquivo.pt/wayback/20230426011101/https://www.leroymerlin.com.br/	Image 1 URI-M: https://arquivo.pt/wayback/20230426011105im_/https://cdn.leroymerlin.com.br/uploads/img/banners/_9_home_tv_%7C_decoracao_para_area_externa_com_ate_30percent_off_24_a_02_05_faa1_1180x320.png									https://youtu.be/XUGrRBu7Bg4?t=2699			Yes	No issues
Arquivo.pt	Arquivo.pt	Chrome	https://www.leroymerlin.com.br/	https://arquivo.pt/wayback/20230426011101/https://www.leroymerlin.com.br/	Image 1 URI-M: https://arquivo.pt/wayback/20230426011106im_/https://cdn.leroymerlin.com.br/uploads/img/banners/_1_home_tirinha_%7C_bazar_de_fechaduras_com_ate_40percent_off__24_4_a_02_5_4f32_580x190.png									https://youtu.be/XUGrRBu7Bg4?t=3170			Yes	No issues
Arquivo.pt	Arquivo.pt	Chrome	https://www.leroymerlin.com.br/	https://arquivo.pt/wayback/20230426011101/https://www.leroymerlin.com.br/	Image 1 URI-M: https://arquivo.pt/wayback/20230426011106im_/https://cdn.leroymerlin.com.br/uploads/img/banners/_2_home_tirinha_%7C_bazar_de_moveis_com_ate_50percent_off_24_4_a_02_5_378a_580x190.png									https://youtu.be/XUGrRBu7Bg4?t=3242			Yes	No issues
Arquivo.pt	Arquivo.pt	Chrome	https://www.leroymerlin.com.br/	https://arquivo.pt/wayback/20230426011101/https://www.leroymerlin.com.br/	Image 1 URI-M: https://arquivo.pt/wayback/20230426011108im_/https://cdn.leroymerlin.com.br/uploads/img/banners/_3_home_tirinha_%7C__banheiro_com_ate_40percent_off_24_4_a_02_5_67fd_580x190.png									https://youtu.be/XUGrRBu7Bg4?t=3278			Yes	No issues
Arquivo.pt	Arquivo.pt	Chrome	https://www.leroymerlin.com.br/	https://arquivo.pt/wayback/20230426011101/https://www.leroymerlin.com.br/	Image 1 URI-M: https://arquivo.pt/wayback/20230426011108im_/https://cdn.leroymerlin.com.br/uploads/img/banners/_4_home_tirinha_%7C__jardim_e_varanda_com_ate_40percent_off_24_4_a_02_5_4f68_580x190.png									https://youtu.be/XUGrRBu7Bg4?t=3311			Yes	No issues
Arquivo.pt	Arquivo.pt	Chrome	https://www.leroymerlin.com.br/	https://arquivo.pt/wayback/20230426011101/https://www.leroymerlin.com.br/	Image 1 URI-M: https://arquivo.pt/wayback/20230426011138im_/https://cdn.leroymerlin.com.br/uploads/img/banners/_5_home_tirinha_%7C_cozinha_com_ate_50percent_off_24_4_a_02_5_b1df_580x190.png									https://youtu.be/XUGrRBu7Bg4?t=3350			Yes	No issues
Arquivo.pt	Arquivo.pt	Chrome	https://www.leroymerlin.com.br/	https://arquivo.pt/wayback/20230426011101/https://www.leroymerlin.com.br/	Image 1 URI-M: https://arquivo.pt/wayback/20230426011138im_/https://cdn.leroymerlin.com.br/uploads/img/banners/_6_home_tirinha_%7C_lavanderia_com_ate_30percent_off_24_4_a_02_5_1745_580x190.png									https://youtu.be/XUGrRBu7Bg4?t=3415			Yes	No issues
Arquivo.pt	Arquivo.pt	Chrome	https://www.leroymerlin.com.br/	https://arquivo.pt/wayback/20230426011101/https://www.leroymerlin.com.br/	Image 1 URI-M: https://arquivo.pt/wayback/20230426011138im_/https://cdn.leroymerlin.com.br/uploads/img/banners/_1_home_box_%7C_destaques_do_mes_construcao_com_ate_10percent_off_24_4_a_02_5_f25c_380x400.png									https://youtu.be/XUGrRBu7Bg4?t=3459			Yes	No issues
Arquivo.pt	Arquivo.pt	Chrome	https://www.leroymerlin.com.br/	https://arquivo.pt/wayback/20230426011101/https://www.leroymerlin.com.br/	Image 1 URI-M: https://arquivo.pt/wayback/20230426011138im_/https://cdn.leroymerlin.com.br/uploads/img/banners/_2_home_box_%7C_destaques_do_mes_ferramentas_com_ate_30percent_off_24_4_a_02_5_99a8_380x400.png									https://youtu.be/XUGrRBu7Bg4?t=3495			Yes	No issues
Arquivo.pt	Arquivo.pt	Chrome	https://www.leroymerlin.com.br/	https://arquivo.pt/wayback/20230426011101/https://www.leroymerlin.com.br/	Image 1 URI-M: https://arquivo.pt/wayback/20230426011138im_/https://cdn.leroymerlin.com.br/uploads/img/banners/_3_home_box_%7C_destaques_do_mes_eletros_com_ate_30percent_off_24_4_a_02_5_74a9_380x400.png									https://youtu.be/XUGrRBu7Bg4?t=3557			Yes	No issues
Arquivo.pt	Arquivo.pt	Chrome	https://www.leroymerlin.com.br/	https://arquivo.pt/wayback/20230426011101/https://www.leroymerlin.com.br/	Image 1 URI-M: https://arquivo.pt/wayback/20230426011141im_/https://cdn.leroymerlin.com.br/uploads/img/banners/_4_home_box_%7C_portas_e_janelas_com_ate_30percent_off_24_4_a_02_5_d2c9_380x400.png									https://youtu.be/XUGrRBu7Bg4?t=3641			Yes	No issues
Arquivo.pt	Arquivo.pt	Chrome	https://www.leroymerlin.com.br/	https://arquivo.pt/wayback/20230426011101/https://www.leroymerlin.com.br/	Image 1 URI-M: https://arquivo.pt/wayback/20230426011141im_/https://cdn.leroymerlin.com.br/uploads/img/banners/_5_home_box_%7C_caixas_organizadoras_com_ate_30percent_off_24_4_a_02_5_5f31_380x400.png									https://youtu.be/XUGrRBu7Bg4?t=3675			Yes	No issues
Arquivo.pt	Arquivo.pt	Chrome	https://www.leroymerlin.com.br/	https://arquivo.pt/wayback/20230426011101/https://www.leroymerlin.com.br/	Image 1 URI-M: https://arquivo.pt/wayback/20230426011141im_/https://cdn.leroymerlin.com.br/uploads/img/banners/_6_home_box_%7C_espelhos_com_ate_45percent_off_24_4_a_02_5_c844_380x400.png									https://youtu.be/XUGrRBu7Bg4?t=3726			Yes	No issues
Arquivo.pt	Arquivo.pt	Chrome	https://www.leroymerlin.com.br/	https://arquivo.pt/wayback/20230426011101/https://www.leroymerlin.com.br/	Image 1 URI-M: https://arquivo.pt/wayback/20230426011147im_/https://cdn.leroymerlin.com.br/uploads/img/banners/numbox_home_cartao_celebre_b718_380x400.png									https://youtu.be/XUGrRBu7Bg4?t=3780			Yes	No issues
Arquivo.pt	Arquivo.pt	Chrome	https://www.leroymerlin.com.br/	https://arquivo.pt/wayback/20230426011101/https://www.leroymerlin.com.br/	Image 1 URI-M: https://arquivo.pt/wayback/20230426011147im_/https://cdn.leroymerlin.com.br/uploads/img/banners/numbox_home_fidelidade_0c15_380x400.png									https://youtu.be/XUGrRBu7Bg4?t=3918			Yes	No issues
Arquivo.pt	Arquivo.pt	Chrome	https://www.leroymerlin.com.br/	https://arquivo.pt/wayback/20230426011101/https://www.leroymerlin.com.br/	Image 1 URI-M: https://arquivo.pt/wayback/20230426011147im_/https://cdn.leroymerlin.com.br/uploads/img/banners/box_home_aplicativo_48fa_380x400.png									https://youtu.be/XUGrRBu7Bg4?t=3959			Yes	No issues
Arquivo.pt	Arquivo.pt	Chrome	https://www.leroymerlin.com.br/	https://arquivo.pt/wayback/20230426011101/https://www.leroymerlin.com.br/	Image 1 URI-M: https://arquivo.pt/wayback/20230426011106im_/https://cdn.leroymerlin.com.br/categories/exclusivo_online_com_ate_60percent_off_6203_300x300.png	Text 1 (translated to english): Exclusive Online with up to 60% OFF								https://youtu.be/XUGrRBu7Bg4?t=3959			Yes	No issues
Arquivo.pt	Arquivo.pt	Chrome	https://www.leroymerlin.com.br/	https://arquivo.pt/wayback/20230426011101/https://www.leroymerlin.com.br/	Image 1 URI-M: https://arquivo.pt/wayback/20230426011106im_/https://cdn.leroymerlin.com.br/categories/torneiras_com_ate_40percent_off_d180_300x300.png	Text 1 (translated to english): Faucets with up to 40% OFF								https://youtu.be/XUGrRBu7Bg4?t=2908			Yes	No issues
Arquivo.pt	Arquivo.pt	Chrome	https://www.leroymerlin.com.br/	https://arquivo.pt/wayback/20230426011101/https://www.leroymerlin.com.br/	Image 1 URI-M: https://arquivo.pt/wayback/20230426011105im_/https://cdn.leroymerlin.com.br/categories/fogoes_cooktops_e_microondas_com_ate_40percent_off_cc35_300x300.png	Text 1 (translated to english): Stoves, Cooktops and Microwaves with up to 40% OFF								https://youtu.be/XUGrRBu7Bg4?t=2959			Yes	No issues
Arquivo.pt	Arquivo.pt	Chrome	https://www.leroymerlin.com.br/	https://arquivo.pt/wayback/20230426011101/https://www.leroymerlin.com.br/	Image 1 URI-M: https://arquivo.pt/wayback/20230426011106im_/https://cdn.leroymerlin.com.br/categories/iluminacao_com_ate_40percent_off_316d_300x300.png	Text 1 (translated to english): Lighting with up to 40% OFF								https://youtu.be/XUGrRBu7Bg4?t=3017			Yes	No issues
Arquivo.pt	Arquivo.pt	Chrome	https://www.leroymerlin.com.br/	https://arquivo.pt/wayback/20230426011101/https://www.leroymerlin.com.br/	Image 1 URI-M: https://arquivo.pt/wayback/20230426011106im_/https://cdn.leroymerlin.com.br/categories/eletrica_com_ate_50percent_off_90e6_300x300.png	Text 1 (translated to english): Electric with up to 50% OFF								https://youtu.be/XUGrRBu7Bg4?t=3064			Yes	No issues
Arquivo.pt	Arquivo.pt	Chrome	https://www.leroymerlin.com.br/	https://arquivo.pt/wayback/20230426011101/https://www.leroymerlin.com.br/	Image 1 URI-M: https://arquivo.pt/wayback/20230426011106im_/https://cdn.leroymerlin.com.br/categories/programa_de_fidelidade_5271_300x300.png	Text 1 (translated to english): Fidelity program								https://youtu.be/XUGrRBu7Bg4?t=3110			Yes	No issues